,Country Name,Country Code,Year,Number of Arrivals,Outbound Visitor Expenditure (current US$),Number of Departures,Inbound Visitor Expenditures (current US$)
0,Albania,ALB,2010,2417000.0,1452000000.0,3443000.0,1778000000.0
1,Andorra,AND,2010,8551000.0,,,
3,Argentina,ARG,2010,6800000.0,6448000000.0,6083000.0,5605000000.0
4,Australia,AUS,2010,5790000.0,27851000000.0,7103000.0,31064000000.0
5,Austria,AUT,2010,22004000.0,,9882000.0,
6,Azerbaijan,AZE,2010,1963000.0,856000000.0,3176000.0,792000000.0
7,Belgium,BEL,2010,7186000.0,20884000000.0,8801000.0,12680000000.0
8,Bulgaria,BGR,2010,8374000.0,975000000.0,3676000.0,3807000000.0
9,Bahrain,BHR,2010,11952000.0,684000000.0,,2163000000.0
10,Bahamas,BHS,2010,5255000.0,369000000.0,,2159000000.0
11,Belarus,BLR,2010,5674000.0,748000000.0,7464000.0,665000000.0
12,Brazil,BRA,2010,5161000.0,18883000000.0,6457000.0,5522000000.0
13,Canada,CAN,2010,25621000.0,37225000000.0,53620000.0,18440000000.0
14,Switzerland,CHE,2010,8628000.0,14332000000.0,15902000.0,17883000000.0
15,Chile,CHL,2010,3584000.0,1736000000.0,2737000.0,2362000000.0
16,China,CHN,2010,133762000.0,,57386000.0,
17,Côte d'Ivoire,CIV,2010,252000.0,569000000.0,,213000000.0
18,Colombia,COL,2010,1701000.0,3228000000.0,2342000.0,3473000000.0
19,Costa Rica,CRI,2010,2495000.0,629000000.0,662000.0,2426000000.0
20,Cuba,CUB,2010,2532000.0,,251000.0,2396000000.0
21,Cayman Is.,CYM,2010,1886000.0,129000000.0,,465000000.0
22,Cyprus,CYP,2010,2450000.0,1320000000.0,1246000.0,2137000000.0
23,Czechia,CZE,2010,21941000.0,4354000000.0,8673000.0,8068000000.0
24,Germany,DEU,2010,26875000.0,90866000000.0,85872000.0,49116000000.0
25,Denmark,DNK,2010,26730000.0,9082000000.0,7726000.0,5704000000.0
26,Dominican Rep.,DOM,2010,4478000.0,662000000.0,401000.0,4162000000.0
27,Algeria,DZA,2010,2070000.0,716000000.0,1757000.0,324000000.0
28,Ecuador,ECU,2010,1047000.0,863000000.0,899000.0,786000000.0
29,Egypt,EGY,2010,14731000.0,2696000000.0,4618000.0,13633000000.0
30,Spain,ESP,2010,93744000.0,,14254000.0,
31,Estonia,EST,2010,4369000.0,,955000.0,
32,Finland,FIN,2010,3670000.0,5268000000.0,7485000.0,4496000000.0
33,France,FRA,2010,189826000.0,46695000000.0,29973000.0,56178000000.0
34,United Kingdom,GBR,2010,30398000.0,,64647000.0,
35,Georgia,GEO,2010,2032000.0,329000000.0,2086000.0,737000000.0
36,Guatemala,GTM,2010,1384000.0,843000000.0,694000.0,1053300048.82813
37,Hong Kong,HKG,2010,36030000.0,17357000000.0,84442000.0,27208000000.0
38,Honduras,HND,2010,1965000.0,406000000.0,1090000.0,626700012.207031
39,Croatia,HRV,2010,49006000.0,861000000.0,,8299000000.0
40,Hungary,HUN,2010,39904000.0,2897000000.0,16082000.0,6595000000.0
41,Indonesia,IDN,2010,7003000.0,8432000000.0,6235000.0,7618000000.0
42,India,IND,2010,5776000.0,,12988000.0,
43,Ireland,IRL,2010,7134000.0,7176000000.0,6917000.0,8185000000.0
44,"Iran, Islamic Rep.",IRN,2010,2938000.0,10570000000.0,,2631000000.0
45,Iceland,ISL,2010,559000.0,,299000.0,
46,Israel,ISR,2010,3444000.0,4683000000.0,4269000.0,5638000000.0
47,Italy,ITA,2010,73225000.0,,55304000.0,
48,Jamaica,JAM,2010,2832000.0,235000000.0,,2095000000.0
49,Jordan,JOR,2010,8078000.0,1736000000.0,2708000.0,4390000000.0
50,Japan,JPN,2010,8611000.0,39306000000.0,16637000.0,15356000000.0
51,Kazakhstan,KAZ,2010,4097000.0,1489000000.0,6019000.0,1236000000.0
52,Kyrgyzstan,KGZ,2010,1224000.0,275000000.0,1342000.0,212000000.0
53,Cambodia,KHM,2010,2508000.0,131000000.0,505000.0,1671000000.0
54,South Korea,KOR,2010,8798000.0,20788000000.0,12488000.0,14315000000.0
55,Kuwait,KWT,2010,5208000.0,7106000000.0,,574000000.0
56,Laos,LAO,2010,2513000.0,215000000.0,1686000.0,385000000.0
57,Lithuania,LTU,2010,4073000.0,,4311000.0,
58,Latvia,LVA,2010,5042000.0,,3332000.0,
59,Macao,MAC,2010,24965000.0,883000000.0,753000.0,22688000000.0
60,Morocco,MAR,2010,9752000.0,1879000000.0,2175000.0,8176000000.0
61,Mexico,MEX,2010,81953000.0,9001000000.0,91658000.0,12628000000.0
62,Malta,MLT,2010,1815000.0,,328000.0,
63,Myanmar,MMR,2010,792000.0,,,91000000.0
64,Montenegro,MNE,2010,1088000.0,72000000.0,,765000000.0
65,Malaysia,MYS,2010,24577000.0,9258000000.0,,19619000000.0
66,Netherlands,NLD,2010,10883000.0,,18368000.0,
67,Norway,NOR,2010,4767000.0,14658000000.0,7590000.0,5299000000.0
68,New Zealand,NZL,2010,2530000.0,3039000000.0,2026000.0,6523000000.0
69,Oman,OMN,2010,1500000.0,1243000000.0,2829000.0,1072000000.0
70,Panama,PAN,2010,1726000.0,575000000.0,392000.0,2621000000.0
71,Peru,PER,2010,2948000.0,1648000000.0,2058000.0,2475000000.0
72,Philippines,PHL,2010,3520000.0,5964000000.0,,3441000000.0
73,Poland,POL,2010,58340000.0,8888000000.0,42760000.0,9875000000.0
74,Puerto Rico,PRI,2010,4379000.0,1182000000.0,980000.0,3211000000.0
75,Portugal,PRT,2010,6756000.0,4692000000.0,,12984000000.0
76,Paraguay,PRY,2010,3171000.0,261000000.0,302000.0,243000000.0
77,Qatar,QAT,2010,1700000.0,,,
78,Romania,ROU,2010,7498000.0,1897000000.0,10905000.0,1631000000.0
79,Russia,RUS,2010,22281000.0,30169000000.0,39323000.0,13239000000.0
80,Saudi Arabia,SAU,2010,13025000.0,22076000000.0,18625000.0,7536000000.0
81,Singapore,SGP,2010,11642000.0,18700000000.0,7342000.0,14178000000.0
82,El Salvador,SLV,2010,1606000.0,280000000.0,1421000.0,646000000.0
83,Slovenia,SVN,2010,2049000.0,1642000000.0,5340000.0,2808000000.0
84,Sweden,SWE,2010,5183000.0,13973000000.0,,10674000000.0
85,Syrian Arab Republic,SYR,2010,10970000.0,1598000000.0,6259000.0,6308000000.0
86,Thailand,THA,2010,15936000.0,7155000000.0,5451000.0,23796000000.0
87,Tunisia,TUN,2010,7828000.0,611000000.0,2250000.0,3477000000.0
88,Turkiye,TUR,2010,32997000.0,5817000000.0,6557000.0,26318000000.0
89,Ukraine,UKR,2010,24114000.0,4134000000.0,17741000.0,4696000000.0
90,Uruguay,URY,2010,2708000.0,549000000.0,1027000.0,1669000000.0
91,United States of America,USA,2010,162275000.0,123831000000.0,121574000.0,161821000000.0
92,Uzbekistan,UZB,2010,975000.0,,1610000.0,
93,Virgin Islands (U.S.),VIR,2010,2531000.0,,,1223000000.0
94,Vietnam,VNM,2010,5050000.0,1470000000.0,,4450000000.0
95,South Africa,ZAF,2010,11303000.0,8139000000.0,,10309000000.0
96,Zimbabwe,ZWE,2010,2239000.0,203000000.0,650000.0,135000000.0
97,Albania,ALB,2011,2932000.0,1677000000.0,4120000.0,1833000000.0
98,Andorra,AND,2011,7983000.0,,,
100,Argentina,ARG,2011,6703000.0,7602000000.0,7676000.0,6058000000.0
101,Australia,AUS,2011,5771000.0,33967000000.0,7788000.0,34315000000.0
102,Austria,AUT,2011,23012000.0,,9874000.0,
103,Azerbaijan,AZE,2011,2239000.0,1778000000.0,3550000.0,1500000000.0
104,Belgium,BEL,2011,7494000.0,22836000000.0,9727000.0,14114000000.0
105,Bulgaria,BGR,2011,8713000.0,1063000000.0,3803000.0,4297000000.0
106,Bahrain,BHR,2011,6732000.0,899000000.0,,1766000000.0
107,Bahamas,BHS,2011,5588000.0,347000000.0,,2157000000.0
108,Belarus,BLR,2011,5877000.0,729000000.0,7542000.0,747000000.0
109,Brazil,BRA,2011,5433000.0,24608000000.0,7807000.0,6370000000.0
110,Canada,CAN,2011,25066000.0,41247000000.0,61909000.0,19994000000.0
111,Switzerland,CHE,2011,8534000.0,17538000000.0,18949000.0,20809000000.0
112,Chile,CHL,2011,3963000.0,2085000000.0,3220000.0,2723000000.0
113,China,CHN,2011,135423000.0,,70250000.0,
114,Côte d'Ivoire,CIV,2011,270000.0,580000000.0,,186000000.0
115,Colombia,COL,2011,2356000.0,3689000000.0,2522000.0,3841000000.0
116,Costa Rica,CRI,2011,2526000.0,620000000.0,717000.0,2646000000.0
117,Cuba,CUB,2011,2716000.0,,253000.0,2503000000.0
118,Cayman Is.,CYM,2011,1710000.0,145000000.0,,472000000.0
119,Cyprus,CYP,2011,2626000.0,1366000000.0,1209000.0,2603000000.0
120,Czechia,CZE,2011,22810000.0,4876000000.0,5279000.0,8930000000.0
121,Germany,DEU,2011,28374000.0,99909000000.0,84692000.0,53465000000.0
122,Denmark,DNK,2011,25811000.0,9840000000.0,7846000.0,6366000000.0
123,Dominican Rep.,DOM,2011,4654000.0,689000000.0,408000.0,4391000000.0
124,Algeria,DZA,2011,2395000.0,595000000.0,1715000.0,300000000.0
125,Ecuador,ECU,2011,1141000.0,917000000.0,1022000.0,849000000.0
126,Egypt,EGY,2011,9845000.0,2575000000.0,4863000.0,9333000000.0
127,Spain,ESP,2011,99187000.0,,15944000.0,
128,Estonia,EST,2011,4907000.0,,1054000.0,
129,Finland,FIN,2011,4192000.0,6013000000.0,8238000.0,5615000000.0
130,France,FRA,2011,196595000.0,55509000000.0,31153000.0,66133000000.0
131,United Kingdom,GBR,2011,31886000.0,,67493000.0,
132,Georgia,GEO,2011,2712000.0,384000000.0,2237000.0,1069000000.0
133,Guatemala,GTM,2011,1434000.0,883000000.0,718000.0,1077400024.41406
134,Hong Kong,HKG,2011,41921000.0,19022000000.0,84816000.0,33169000000.0
135,Honduras,HND,2011,1852000.0,446000000.0,1092000.0,641500000.0
136,Croatia,HRV,2011,49969000.0,918000000.0,5526000.0,9598000000.0
137,Hungary,HUN,2011,41304000.0,3048000000.0,16634000.0,7239000000.0
138,Indonesia,IDN,2011,7650000.0,8653000000.0,6750000.0,9038000000.0
139,India,IND,2011,6309000.0,,13994000.0,
140,Ireland,IRL,2011,7630000.0,6842000000.0,6514000.0,9532000000.0
141,"Iran, Islamic Rep.",IRN,2011,3354000.0,10555000000.0,,2489000000.0
142,Iceland,ISL,2011,628000.0,,341000.0,
143,Israel,ISR,2011,3362000.0,4874000000.0,4387000.0,5886000000.0
144,Italy,ITA,2011,75866000.0,,52617000.0,
145,Jamaica,JAM,2011,3077000.0,213000000.0,,2060000000.0
146,Jordan,JOR,2011,6813000.0,1280000000.0,1931000.0,4351000000.0
147,Japan,JPN,2011,6219000.0,39760000000.0,16994000.0,12533000000.0
148,Kazakhstan,KAZ,2011,5685000.0,1831000000.0,8020000.0,1524000000.0
149,Kyrgyzstan,KGZ,2011,3025000.0,392000000.0,3061000.0,405000000.0
150,Cambodia,KHM,2011,2882000.0,344000000.0,710000.0,2258000000.0
151,South Korea,KOR,2011,9795000.0,22195000000.0,12694000.0,17329000000.0
152,Kuwait,KWT,2011,5574000.0,8879000000.0,,644000000.0
153,Laos,LAO,2011,2724000.0,248000000.0,1788000.0,413000000.0
154,Lithuania,LTU,2011,4504000.0,,4020000.0,
155,Latvia,LVA,2011,5538000.0,,3257000.0,
156,Macao,MAC,2011,28002000.0,1064000000.0,908000.0,31118000000.0
157,Morocco,MAR,2011,9784000.0,2260000000.0,2378000.0,9101000000.0
158,Mexico,MEX,2011,75732000.0,9704000000.0,88113000.0,12458000000.0
159,Malta,MLT,2011,1916000.0,,348000.0,
160,Myanmar,MMR,2011,816000.0,132000000.0,,334000000.0
161,Montenegro,MNE,2011,1201000.0,70000000.0,,926000000.0
162,Malaysia,MYS,2011,24714000.0,11136000000.0,,21338000000.0
163,Netherlands,NLD,2011,11300000.0,,18560000.0,
164,Norway,NOR,2011,4963000.0,16958000000.0,8130000.0,6565000000.0
165,New Zealand,NZL,2011,2617000.0,3461000000.0,2096000.0,7295000000.0
166,Oman,OMN,2011,1393000.0,1493000000.0,3341000.0,1515000000.0
167,Panama,PAN,2011,2004000.0,679000000.0,414000.0,3630000000.0
168,Peru,PER,2011,3299000.0,1768000000.0,2132000.0,2814000000.0
169,Philippines,PHL,2011,3917000.0,6055000000.0,,4053000000.0
170,Poland,POL,2011,60745000.0,8672000000.0,43270000.0,11471000000.0
171,Puerto Rico,PRI,2011,4214000.0,1202000000.0,924000.0,3143000000.0
172,Portugal,PRT,2011,7264000.0,4951000000.0,,14911000000.0
173,Paraguay,PRY,2011,3365000.0,308000000.0,347000.0,261000000.0
174,Qatar,QAT,2011,2057000.0,7813000000.0,,4463000000.0
175,Romania,ROU,2011,7611000.0,2294000000.0,10936000.0,2016000000.0
176,Russia,RUS,2011,24932000.0,37343000000.0,43726000.0,16961000000.0
177,Saudi Arabia,SAU,2011,15776000.0,18202000000.0,15865399.4140625,9317000000.0
178,Singapore,SGP,2011,13171000.0,21420000000.0,7753000.0,17929000000.0
179,El Salvador,SLV,2011,1634000.0,244000000.0,1469000.0,729000000.0
180,Slovenia,SVN,2011,2236000.0,1727000000.0,5073000.0,3048000000.0
181,Sweden,SWE,2011,11567000.0,,,
182,Syrian Arab Republic,SYR,2011,6476000.0,850000000.0,,1816000000.0
183,Thailand,THA,2011,19230000.0,7534000000.0,5397000.0,30924000000.0
184,Tunisia,TUN,2011,5746000.0,678000000.0,2303000.0,2529000000.0
185,Turkiye,TUR,2011,36769000.0,5372000000.0,6282000.0,30302000000.0
186,Ukraine,UKR,2011,24535000.0,4829000000.0,20335000.0,5406000000.0
187,Uruguay,URY,2011,3244000.0,797000000.0,1534000.0,2401000000.0
188,United States of America,USA,2011,147271421.875,130606000000.0,114089000.0,178935000000.0
189,Uzbekistan,UZB,2011,1393000.0,,,
190,Virgin Islands (U.S.),VIR,2011,2686000.0,,,1122000000.0
191,Vietnam,VNM,2011,6014000.0,1710000000.0,,5710000000.0
192,South Africa,ZAF,2011,12097000.0,8397000000.0,,10706000000.0
193,Zimbabwe,ZWE,2011,2423000.0,317000000.0,693000.0,164000000.0
194,Albania,ALB,2012,3514000.0,1374000000.0,3959000.0,1623000000.0
195,Andorra,AND,2012,7900000.0,,,
197,Argentina,ARG,2012,6497000.0,8466000000.0,8295000.0,5665000000.0
198,Australia,AUS,2012,6032000.0,35226000000.0,8212000.0,34137000000.0
199,Austria,AUT,2012,24151000.0,,10960000.0,
200,Azerbaijan,AZE,2012,2484000.0,2617000000.0,3874000.0,2634000000.0
201,Belgium,BEL,2012,7560000.0,22357000000.0,9576000.0,13704000000.0
202,Bulgaria,BGR,2012,8867000.0,1096000000.0,3758000.0,3975000000.0
203,Bahrain,BHR,2012,8062000.0,975000000.0,,1752000000.0
204,Bahamas,BHS,2012,5940000.0,384000000.0,,2333000000.0
205,Belarus,BLR,2012,6130000.0,948000000.0,8427000.0,986000000.0
206,Brazil,BRA,2012,5677000.0,26008000000.0,8497000.0,6623000000.0
207,Canada,CAN,2012,25318000.0,,65175000.0,
208,Switzerland,CHE,2012,8566000.0,18884000000.0,20293000.0,19564000000.0
209,Chile,CHL,2012,4397000.0,2400000000.0,3448000.0,3158000000.0
210,China,CHN,2012,132405000.0,,83182000.0,
211,Côte d'Ivoire,CIV,2012,289000.0,560000000.0,,172500000.0
212,Colombia,COL,2012,2434000.0,4461000000.0,3169000.0,4409000000.0
213,Costa Rica,CRI,2012,2542000.0,647000000.0,773000.0,2773000000.0
214,Cuba,CUB,2012,2847000.0,,213000.0,2614000000.0
215,Cayman Is.,CYM,2012,1829000.0,183000000.0,,489000000.0
216,Cyprus,CYP,2012,2635000.0,1318000000.0,1194000.0,2603000000.0
217,Czechia,CZE,2012,25750000.0,4556000000.0,5419000.0,8174000000.0
218,Germany,DEU,2012,30411000.0,96196000000.0,82729000.0,51626000000.0
219,Denmark,DNK,2012,26402000.0,9600000000.0,7843000.0,6135000000.0
220,Dominican Rep.,DOM,2012,4901000.0,690000000.0,418000.0,4687000000.0
221,Algeria,DZA,2012,2634000.0,598000000.0,1911000.0,295000000.0
222,Ecuador,ECU,2012,1272000.0,944000000.0,1022000.0,1039000000.0
223,Egypt,EGY,2012,11532000.0,3037000000.0,5678000.0,10823000000.0
224,Spain,ESP,2012,98128000.0,,14916000.0,
225,Estonia,EST,2012,5007000.0,,1147000.0,
226,Finland,FIN,2012,4226000.0,5841000000.0,9978000.0,5418000000.0
227,France,FRA,2012,197522000.0,50068000000.0,29642000.0,63975000000.0
228,United Kingdom,GBR,2012,32221000.0,,66858000.0,
229,Georgia,GEO,2012,4106000.0,471000000.0,2734000.0,1565000000.0
230,Guatemala,GTM,2012,1491000.0,926000000.0,721000.0,1110000000.0
231,Hong Kong,HKG,2012,48615000.0,20077000000.0,85276000.0,37098000000.0
232,Honduras,HND,2012,1903000.0,549000000.0,1072000.0,683700012.207031
233,Croatia,HRV,2012,47185000.0,962000000.0,5159000.0,8912000000.0
234,Hungary,HUN,2012,43565000.0,2457000000.0,16143000.0,6149000000.0
235,Indonesia,IDN,2012,8044000.0,9055000000.0,7454000.0,9463000000.0
236,India,IND,2012,6578000.0,14107000000.0,14920000.0,18340000000.0
237,Ireland,IRL,2012,7550000.0,5895000000.0,6600000.0,9255000000.0
238,"Iran, Islamic Rep.",IRN,2012,3834000.0,8435000000.0,,2483000000.0
239,Iceland,ISL,2012,765000.0,,358000.0,
240,Israel,ISR,2012,3520000.0,5008000000.0,4349000.0,6183000000.0
241,Italy,ITA,2012,76293000.0,,53338000.0,
242,Jamaica,JAM,2012,3306000.0,418000000.0,,
243,Jordan,JOR,2012,6314000.0,1257000000.0,1567000.0,5123000000.0
244,Japan,JPN,2012,8358000.0,40967000000.0,18491000.0,16197000000.0
245,Kazakhstan,KAZ,2012,6163000.0,3609000000.0,9066000.0,2154000000.0
246,Kyrgyzstan,KGZ,2012,3393000.0,529000000.0,3621000.0,486000000.0
247,Cambodia,KHM,2012,3584000.0,406000000.0,792000.0,2663000000.0
248,South Korea,KOR,2012,11140000.0,22934000000.0,13737000.0,18731000000.0
249,Kuwait,KWT,2012,5729000.0,10073000000.0,,780000000.0
250,Laos,LAO,2012,3330000.0,614000000.0,2052000.0,461000000.0
251,Lithuania,LTU,2012,4979000.0,,4108000.0,
252,Latvia,LVA,2012,5569000.0,,1830000.0,
253,Macao,MAC,2012,28082000.0,1155000000.0,1291000.0,36593000000.0
254,Morocco,MAR,2012,9830000.0,2095000000.0,2323000.0,8491000000.0
255,Mexico,MEX,2012,76749000.0,10735000000.0,87332000.0,13320000000.0
256,Malta,MLT,2012,2007000.0,,368000.0,
257,Myanmar,MMR,2012,1059000.0,265000000.0,,550000000.0
258,Montenegro,MNE,2012,1264000.0,67000000.0,,860000000.0
259,Malaysia,MYS,2012,25033000.0,13165000000.0,,21711000000.0
260,Netherlands,NLD,2012,11680000.0,20094000000.0,18628000.0,17675000000.0
261,Norway,NOR,2012,4538000.0,18131000000.0,9250000.0,6784000000.0
262,New Zealand,NZL,2012,2574000.0,3715000000.0,2172000.0,7142000000.0
263,Oman,OMN,2012,1714000.0,1644000000.0,3972000.0,1723000000.0
264,Panama,PAN,2012,2086000.0,591000000.0,447000.0,4585000000.0
265,Peru,PER,2012,3642000.0,1900000000.0,2296000.0,3074000000.0
266,Philippines,PHL,2012,4273000.0,7140000000.0,,4963000000.0
267,Poland,POL,2012,67390000.0,8911000000.0,48290000.0,11704000000.0
268,Puerto Rico,PRI,2012,4197000.0,1162000000.0,876000.0,3193000000.0
269,Portugal,PRT,2012,7503000.0,4482000000.0,1361000.0,14578000000.0
270,Paraguay,PRY,2012,3655000.0,363000000.0,400000.0,291000000.0
271,Qatar,QAT,2012,2324000.0,10702000000.0,,7220000000.0
272,Romania,ROU,2012,7937000.0,2108000000.0,11149000.0,1904000000.0
273,Russia,RUS,2012,28177000.0,48096000000.0,47813000.0,17876000000.0
274,Saudi Arabia,SAU,2012,19847000.0,17986000000.0,20084259.765625,8400000000.0
275,Singapore,SGP,2012,14496000.0,23139000000.0,8048000.0,18795000000.0
276,El Salvador,SLV,2012,1738000.0,287000000.0,1462000.0,900000000.0
277,Slovenia,SVN,2012,2377000.0,1508000000.0,4465000.0,2793000000.0
278,Sweden,SWE,2012,12372000.0,,,
279,Thailand,THA,2012,22354000.0,8095000000.0,5721000.0,34565000000.0
280,Tunisia,TUN,2012,6999000.0,673000000.0,2897000.0,2931000000.0
281,Turkiye,TUR,2012,37715000.0,4585000000.0,5803000.0,31566000000.0
282,Ukraine,UKR,2012,25061000.0,5536000000.0,21755000.0,5988000000.0
283,Uruguay,URY,2012,3155000.0,1043000000.0,1816000.0,2666000000.0
284,United States of America,USA,2012,171629890.625,138167000000.0,116329000.0,195113000000.0
285,Uzbekistan,UZB,2012,1895000.0,,,
286,Virgin Islands (U.S.),VIR,2012,2640000.0,,,1210000000.0
287,Vietnam,VNM,2012,6848000.0,1856000000.0,,6850000000.0
288,South Africa,ZAF,2012,13069000.0,7145000000.0,,11202000000.0
289,Zimbabwe,ZWE,2012,1794000.0,387000000.0,720000.0,174000000.0
290,Albania,ALB,2013,3256000.0,1567000000.0,3928000.0,1670000000.0
291,Andorra,AND,2013,7676000.0,,,
293,Argentina,ARG,2013,6510000.0,8421000000.0,9844000.0,5199000000.0
294,Australia,AUS,2013,6482000.0,35197000000.0,9052000.0,32889000000.0
295,Austria,AUT,2013,24813000.0,,10671000.0,
296,Azerbaijan,AZE,2013,2509000.0,3032000000.0,4285000.0,2618000000.0
297,Belgium,BEL,2013,7684000.0,24507000000.0,10803000.0,14534000000.0
298,Bulgaria,BGR,2013,9192000.0,1342000000.0,3930000.0,4410000000.0
299,Bahrain,BHR,2013,9163000.0,1001000000.0,,1875000000.0
300,Bahamas,BHS,2013,6151000.0,362000000.0,,2305000000.0
301,Belarus,BLR,2013,6242000.0,1333000000.0,8841000.0,1156000000.0
302,Brazil,BRA,2013,5813000.0,29286000000.0,8866000.0,6784000000.0
303,Canada,CAN,2013,25167000.0,,65780000.0,
304,Switzerland,CHE,2013,8967000.0,19963000000.0,20303000.0,20236000000.0
305,Chile,CHL,2013,4457000.0,2499000000.0,3674000.0,3171000000.0
306,China,CHN,2013,129078000.0,,98185000.0,
307,Côte d'Ivoire,CIV,2013,380000.0,583000000.0,,191000000.0
308,Colombia,COL,2013,2595000.0,4592000000.0,3605000.0,4819000000.0
309,Costa Rica,CRI,2013,2641000.0,649000000.0,790000.0,3171000000.0
310,Cuba,CUB,2013,2862000.0,,286000.0,2608000000.0
311,Cayman Is.,CYM,2013,1721000.0,192000000.0,,500000000.0
312,Cyprus,CYP,2013,2626000.0,1254000000.0,1115000.0,2930000000.0
313,Czechia,CZE,2013,26332000.0,4698000000.0,5781000.0,7792000000.0
314,Germany,DEU,2013,31545000.0,102668000000.0,87459000.0,55486000000.0
315,Denmark,DNK,2013,26516000.0,10072000000.0,6977000.0,6490000000.0
316,Dominican Rep.,DOM,2013,5114000.0,679000000.0,392000.0,5055000000.0
317,Algeria,DZA,2013,2733000.0,531000000.0,2136000.0,326000000.0
318,Ecuador,ECU,2013,1364000.0,989000000.0,1138000.0,1251000000.0
319,Egypt,EGY,2013,9464000.0,3261000000.0,5782000.0,6747000000.0
320,Spain,ESP,2013,103231000.0,,13434000.0,
321,Estonia,EST,2013,5737000.0,1236000000.0,1166000.0,2022000000.0
322,Finland,FIN,2013,2797000.0,6387000000.0,9526000.0,5774000000.0
323,France,FRA,2013,204410000.0,52444000000.0,30457000.0,66054000000.0
324,United Kingdom,GBR,2013,33567000.0,,68959000.0,
325,Georgia,GEO,2013,4954000.0,537000000.0,3220000.0,1916000000.0
326,Greece,GRC,2013,20112000.0,3768000000.0,4594000.0,17433000000.0
327,Guatemala,GTM,2013,1516000.0,995000000.0,846000.0,1160699951.17188
328,Hong Kong,HKG,2013,54299000.0,21215000000.0,84414000.0,42426000000.0
329,Honduras,HND,2013,1857000.0,506000000.0,1055000.0,618000000.0
330,Croatia,HRV,2013,48345000.0,923000000.0,5444000.0,9715000000.0
331,Hungary,HUN,2013,43611000.0,2526000000.0,16038000.0,6671000000.0
332,Indonesia,IDN,2013,8802000.0,10280000000.0,8025000.0,10302000000.0
333,India,IND,2013,6968000.0,13884000000.0,16626000.0,19042000000.0
334,Ireland,IRL,2013,8260000.0,6198000000.0,6579000.0,10165000000.0
335,"Iran, Islamic Rep.",IRN,2013,4769000.0,9464000000.0,,3306000000.0
336,Iceland,ISL,2013,900000.0,,365000.0,
337,Israel,ISR,2013,3540000.0,5757000000.0,4757000.0,6600000000.0
338,Italy,ITA,2013,76762000.0,,52633000.0,
339,Jamaica,JAM,2013,3274000.0,392000000.0,,
340,Jordan,JOR,2013,5389000.0,1206000000.0,1498000.0,5145000000.0
341,Japan,JPN,2013,10364000.0,32244000000.0,17473000.0,16865000000.0
342,Kazakhstan,KAZ,2013,6841000.0,3772000000.0,10144000.0,2365000000.0
343,Kyrgyzstan,KGZ,2013,4134000.0,505000000.0,3993000.0,585000000.0
344,Cambodia,KHM,2013,4210000.0,469000000.0,872000.0,2895000000.0
345,South Korea,KOR,2013,12176000.0,24459000000.0,14846000.0,19457000000.0
346,Kuwait,KWT,2013,6217000.0,10567000000.0,,619000000.0
347,Laos,LAO,2013,3779000.0,907000000.0,2857000.0,613000000.0
348,Lithuania,LTU,2013,5264000.0,,4228000.0,
349,Latvia,LVA,2013,5822000.0,,1776000.0,
350,Macao,MAC,2013,29325000.0,1239000000.0,1446000.0,43755000000.0
351,Morocco,MAR,2013,10349000.0,2002000000.0,2195000.0,8201000000.0
352,Mexico,MEX,2013,78100000.0,11970000000.0,90787000.0,14311000000.0
353,Malta,MLT,2013,2013000.0,,404000.0,
354,Myanmar,MMR,2013,2044000.0,131000000.0,,964000000.0
355,Montenegro,MNE,2013,1324000.0,81000000.0,,929000000.0
356,Malaysia,MYS,2013,25715000.0,13377000000.0,,23283000000.0
357,Netherlands,NLD,2013,12783000.0,21009000000.0,18094000.0,19429000000.0
358,Norway,NOR,2013,4778000.0,20116000000.0,9280000.0,7175000000.0
359,New Zealand,NZL,2013,2710000.0,3861000000.0,2197000.0,7434000000.0
360,Oman,OMN,2013,1923000.0,1824000000.0,4301000.0,1888000000.0
361,Panama,PAN,2013,2202000.0,1078000000.0,619000.0,5419000000.0
362,Peru,PER,2013,4010000.0,2105000000.0,2364000.0,3916000000.0
363,Philippines,PHL,2013,4681000.0,8400000000.0,,5599000000.0
364,Poland,POL,2013,72310000.0,8916000000.0,52580000.0,12242000000.0
365,Puerto Rico,PRI,2013,4210000.0,1142000000.0,839000.0,3311000000.0
366,Portugal,PRT,2013,9177000.0,4882000000.0,1490000.0,16080000000.0
367,Paraguay,PRY,2013,3538000.0,425000000.0,440000.0,299000000.0
368,Qatar,QAT,2013,2612000.0,11729000000.0,,8452000000.0
369,Romania,ROU,2013,8019000.0,2125000000.0,11364000.0,2307000000.0
370,Russia,RUS,2013,30792000.0,59504000000.0,54069000.0,20198000000.0
371,Saudi Arabia,SAU,2013,19934000.0,18648000000.0,22535457.03125,8690000000.0
372,Singapore,SGP,2013,15568000.0,24407000000.0,8647000.0,19231000000.0
373,El Salvador,SLV,2013,1822000.0,270000000.0,1515000.0,1054000000.0
374,Slovenia,SVN,2013,2502000.0,1559000000.0,4440000.0,2966000000.0
375,Sweden,SWE,2013,10980000.0,,,
376,Thailand,THA,2013,26547000.0,8238000000.0,5970000.0,41765000000.0
377,Tunisia,TUN,2013,7352000.0,768000000.0,2873000.0,2863000000.0
378,Turkiye,TUR,2013,39861000.0,5017000000.0,7526000.0,37984000000.0
379,Ukraine,UKR,2013,26025000.0,6300000000.0,23988000.0,5931000000.0
380,Uruguay,URY,2013,3242000.0,1486000000.0,2281000.0,2481000000.0
381,United States of America,USA,2013,179309906.25,132322000000.0,118968000.0,213105000000.0
382,Uzbekistan,UZB,2013,1969000.0,,3117000.0,
383,Virgin Islands (U.S.),VIR,2013,2702000.0,,,1168000000.0
384,Vietnam,VNM,2013,7572000.0,2050000000.0,,7250000000.0
385,South Africa,ZAF,2013,14318000.0,6491000000.0,,10468000000.0
386,Zimbabwe,ZWE,2013,1833000.0,441000000.0,2946000.0,183000000.0
387,Albania,ALB,2014,3673000.0,1689000000.0,4146000.0,1849000000.0
388,Andorra,AND,2014,7797000.0,,,
390,Argentina,ARG,2014,7165000.0,7837000000.0,10022000.0,5645000000.0
391,Australia,AUS,2014,6922000.0,35666000000.0,9480000.0,35736000000.0
392,Austria,AUT,2014,25291000.0,,10994000.0,
393,Azerbaijan,AZE,2014,2298000.0,3163000000.0,4244000.0,2713000000.0
394,Belgium,BEL,2014,7887000.0,26444000000.0,10991000.0,15249000000.0
395,Bulgaria,BGR,2014,9409000.0,1459000000.0,4158000.0,4518000000.0
396,Bahrain,BHR,2014,10452000.0,758000000.0,,1913000000.0
397,Bahamas,BHS,2014,6320000.0,328000000.0,,2336000000.0
398,Belarus,BLR,2014,5375000.0,1308000000.0,7236000.0,1230000000.0
399,Brazil,BRA,2014,6430000.0,29998000000.0,9617000.0,7405000000.0
400,Canada,CAN,2014,25558000.0,,63737000.0,
401,Switzerland,CHE,2014,9158000.0,20853000000.0,19833000.0,21358000000.0
402,Chile,CHL,2014,4601000.0,2707000000.0,3842000.0,3202000000.0
403,China,CHN,2014,128499000.0,,116593000.0,
404,Côte d'Ivoire,CIV,2014,471000.0,625000000.0,,195000000.0
405,Colombia,COL,2014,2866000.0,5299000000.0,3911000.0,4941000000.0
406,Costa Rica,CRI,2014,2760000.0,657000000.0,798000.0,3137000000.0
407,Cuba,CUB,2014,3014000.0,,355000.0,2546000000.0
408,Cayman Is.,CYM,2014,1993000.0,168000000.0,,565000000.0
409,Cyprus,CYP,2014,2558000.0,1343000000.0,1209000.0,2924000000.0
410,Czechia,CZE,2014,27166000.0,5173000000.0,5651000.0,7614000000.0
411,Germany,DEU,2014,32999000.0,101737000000.0,83008000.0,58721000000.0
412,Denmark,DNK,2014,28070000.0,10443000000.0,8528000.0,7617000000.0
413,Dominican Rep.,DOM,2014,5576000.0,717000000.0,427000.0,5630000000.0
414,Algeria,DZA,2014,2301000.0,679000000.0,2839000.0,316000000.0
415,Ecuador,ECU,2014,1695000.0,990000000.0,1096000.0,1487000000.0
416,Egypt,EGY,2014,9878000.0,3486000000.0,6180000.0,7979000000.0
417,Spain,ESP,2014,107144000.0,,13952000.0,
418,Estonia,EST,2014,5804000.0,1346000000.0,1426000.0,2278000000.0
419,Finland,FIN,2014,2731000.0,6326000000.0,9783000.0,5409000000.0
420,France,FRA,2014,206599000.0,58464000000.0,31941000.0,67402000000.0
421,United Kingdom,GBR,2014,35337000.0,,72204000.0,
422,Georgia,GEO,2014,5004000.0,563000000.0,3106000.0,1972000000.0
423,Greece,GRC,2014,24272000.0,4003000000.0,5802000.0,19489000000.0
424,Guatemala,GTM,2014,1739000.0,1029000000.0,992000.0,1164400024.41406
425,Hong Kong,HKG,2014,60839000.0,22011000000.0,84519000.0,46352000000.0
426,Honduras,HND,2014,2082000.0,437000000.0,1065000.0,706000000.0
427,Croatia,HRV,2014,51168000.0,865000000.0,4638000.0,10079000000.0
428,Hungary,HUN,2014,45984000.0,2712000000.0,16340000.0,7483000000.0
429,Indonesia,IDN,2014,9435000.0,10263000000.0,8074000.0,11567000000.0
430,India,IND,2014,13107000.0,17492000000.0,18330000.0,20756000000.0
431,Ireland,IRL,2014,8813000.0,6412000000.0,6676000.0,11101000000.0
432,"Iran, Islamic Rep.",IRN,2014,4968000.0,10130000000.0,7698000.0,4197000000.0
433,Iceland,ISL,2014,1102000.0,,400000.0,
434,Israel,ISR,2014,3251000.0,6534000000.0,5181000.0,6616000000.0
435,Italy,ITA,2014,77694000.0,,55169000.0,
436,Jamaica,JAM,2014,3504000.0,457000000.0,,
437,Jordan,JOR,2014,5327000.0,1251000000.0,1230000.0,5518000000.0
438,Japan,JPN,2014,13413000.0,28609000000.0,16903000.0,20790000000.0
439,Kazakhstan,KAZ,2014,6333000.0,3771000000.0,10450000.0,2239000000.0
440,Kyrgyzstan,KGZ,2014,3791000.0,568000000.0,3790000.0,468000000.0
441,Cambodia,KHM,2014,4503000.0,527000000.0,956000.0,3220000000.0
442,South Korea,KOR,2014,14202000.0,26136000000.0,16081000.0,22390000000.0
443,Kuwait,KWT,2014,6528000.0,12280000000.0,,615000000.0
444,Laos,LAO,2014,4159000.0,1054000000.0,3320000.0,642400024.414063
445,Lithuania,LTU,2014,5217000.0,,4292000.0,
446,Latvia,LVA,2014,6246000.0,,1846000.0,
447,Macao,MAC,2014,31526000.0,1385000000.0,1537000.0,43412000000.0
448,Morocco,MAR,2014,10507000.0,2273000000.0,1850000.0,9070000000.0
449,Mexico,MEX,2014,81042000.0,12556000000.0,90982000.0,16606000000.0
450,Malta,MLT,2014,2162000.0,,430000.0,
451,Myanmar,MMR,2014,3081000.0,119000000.0,,1687000000.0
452,Montenegro,MNE,2014,1350000.0,79000000.0,,959000000.0
453,Malaysia,MYS,2014,27437000.0,13893000000.0,,24469000000.0
454,Netherlands,NLD,2014,13925000.0,23655000000.0,17928000.0,19669000000.0
455,Norway,NOR,2014,4855000.0,20166000000.0,9190000.0,7503000000.0
456,New Zealand,NZL,2014,2854000.0,4108000000.0,2276000.0,8582000000.0
457,Oman,OMN,2014,2225000.0,2081000000.0,4727000.0,1971000000.0
458,Panama,PAN,2014,2305000.0,1147000000.0,853000.0,5749000000.0
459,Peru,PER,2014,4062000.0,2118000000.0,2442000.0,3907000000.0
460,Philippines,PHL,2014,4833000.0,11130000000.0,3488000.0,6059000000.0
461,Poland,POL,2014,73750000.0,9177000000.0,35400000.0,12691000000.0
462,Puerto Rico,PRI,2014,4456000.0,1094000000.0,793000.0,3439000000.0
463,Portugal,PRT,2014,10497000.0,5213000000.0,1502000.0,17577000000.0
464,Paraguay,PRY,2014,3455000.0,448000000.0,426000.0,314000000.0
465,Qatar,QAT,2014,2839000.0,12871000000.0,,10576000000.0
466,Romania,ROU,2014,8442000.0,2741000000.0,12299000.0,2388000000.0
467,Russia,RUS,2014,32421000.0,55383000000.0,45889000.0,19451000000.0
468,Saudi Arabia,SAU,2014,23010000.0,25137000000.0,22322601.5625,9263000000.0
469,Singapore,SGP,2014,15095000.0,25547000000.0,8903000.0,19161000000.0
470,El Salvador,SLV,2014,1886000.0,277000000.0,1515000.0,1285000000.0
471,Slovenia,SVN,2014,2675000.0,1646000000.0,4672000.0,3052000000.0
472,Sweden,SWE,2014,10522000.0,,,
473,Thailand,THA,2014,24810000.0,8824000000.0,6444000.0,38451000000.0
474,Tunisia,TUN,2014,7163000.0,770000000.0,2637000.0,3042000000.0
475,Turkiye,TUR,2014,41627000.0,5331000000.0,7982000.0,40028000000.0
476,Ukraine,UKR,2014,13227000.0,5470000000.0,22637000.0,2264000000.0
477,Uruguay,URY,2014,3195000.0,1559000000.0,2396000.0,2341000000.0
478,United States of America,USA,2014,178311359.375,140228000000.0,121699000.0,222746000000.0
479,Uzbekistan,UZB,2014,1862000.0,1509000000.0,2786000.0,660000000.0
480,Virgin Islands (U.S.),VIR,2014,2814000.0,,,1319000000.0
481,Vietnam,VNM,2014,7874000.0,2650000000.0,,7410000000.0
482,South Africa,ZAF,2014,14530000.0,6314000000.0,,10484000000.0
483,Zimbabwe,ZWE,2014,1880000.0,451000000.0,3182000.0,186000000.0
484,Albania,ALB,2015,4131000.0,1311000000.0,4504000.0,1613000000.0
485,Andorra,AND,2015,7850000.0,,,
487,United Arab Emirates,ARE,2015,19313000.0,16637099609.375,17890000.0,25587099609.375
488,Argentina,ARG,2015,6816000.0,9348000000.0,13159000.0,5441000000.0
489,Australia,AUS,2015,7449000.0,34071000000.0,9810000.0,36249000000.0
490,Austria,AUT,2015,26728000.0,11337000000.0,10628000.0,20422000000.0
491,Azerbaijan,AZE,2015,2006000.0,2743000000.0,4096000.0,2535000000.0
492,Belgium,BEL,2015,8355000.0,15856000000.0,10835000.0,8975000000.0
493,Bulgaria,BGR,2015,9317000.0,1346000000.0,4632000.0,3568000000.0
494,Bahrain,BHR,2015,9670000.0,4939000000.0,4741000.0,2827000000.0
495,Bahamas,BHS,2015,6112000.0,347000000.0,,2554000000.0
496,Belarus,BLR,2015,4386000.0,997000000.0,6972000.0,1013000000.0
497,Brazil,BRA,2015,6306000.0,20356000000.0,9478000.0,6254000000.0
498,Canada,CAN,2015,27555000.0,,55971000.0,
499,Switzerland,CHE,2015,9305000.0,19675000000.0,22086000.0,20140000000.0
500,Chile,CHL,2015,5487000.0,2518000000.0,4103000.0,3412000000.0
501,China,CHN,2015,133820000.0,,127860000.0,
502,Côte d'Ivoire,CIV,2015,1441000.0,560000000.0,,214000000.0
503,Colombia,COL,2015,3371000.0,4890000000.0,3862000.0,5281000000.0
504,Costa Rica,CRI,2015,2899000.0,898000000.0,919000.0,3408000000.0
505,Cuba,CUB,2015,3540000.0,,580000.0,2819000000.0
506,Cayman Is.,CYM,2015,2102000.0,191000000.0,,680000000.0
507,Cyprus,CYP,2015,2780000.0,1453000000.0,1119000.0,2525664306.64063
508,Czechia,CZE,2015,29604000.0,4819000000.0,5856000.0,6766000000.0
509,Germany,DEU,2015,34970000.0,85334000000.0,83737000.0,50669000000.0
510,Denmark,DNK,2015,28209000.0,8918000000.0,8991000.0,6685000000.0
511,Dominican Rep.,DOM,2015,6129000.0,803000000.0,478000.0,6116000000.0
512,Algeria,DZA,2015,1710000.0,762000000.0,3638000.0,347000000.0
513,Ecuador,ECU,2015,1676000.0,994000000.0,1221000.0,1557000000.0
514,Egypt,EGY,2015,9328000.0,3636000000.0,,6897000000.0
515,Spain,ESP,2015,109834000.0,,17625000.0,
516,Estonia,EST,2015,5696000.0,1169000000.0,1250000.0,1893000000.0
517,Finland,FIN,2015,2622000.0,5786000000.0,10022000.0,4011000000.0
518,France,FRA,2015,203302000.0,47713000000.0,30608000.0,66441000000.0
519,United Kingdom,GBR,2015,36792000.0,,77619000.0,
520,Georgia,GEO,2015,5256000.0,609000000.0,3136000.0,2049000000.0
521,Greece,GRC,2015,26114000.0,3535000000.0,6291000.0,17547000000.0
522,Guatemala,GTM,2015,1865000.0,1020000000.0,1130000.0,1169500000.0
523,Hong Kong,HKG,2015,59308000.0,23059000000.0,89082000.0,42491000000.0
524,Honduras,HND,2015,2093000.0,454000000.0,1150000.0,671000000.0
525,Croatia,HRV,2015,55858000.0,770000000.0,4355000.0,8207000000.0
526,Hungary,HUN,2015,48345000.0,2456000000.0,17276000.0,6929000000.0
527,Indonesia,IDN,2015,10407000.0,9800000000.0,8176000.0,12054000000.0
528,India,IND,2015,13284000.0,17686000000.0,20376000.0,21472000000.0
529,Ireland,IRL,2015,9528000.0,5704000000.0,7094000.0,11476000000.0
530,"Iran, Islamic Rep.",IRN,2015,5237000.0,9658000000.0,6620000.0,4771000000.0
531,Iceland,ISL,2015,1389000.0,,450000.0,
532,Israel,ISR,2015,3109000.0,7506000000.0,5891000.0,6605000000.0
533,Italy,ITA,2015,81068000.0,30312000000.0,57418000.0,41415000000.0
534,Jamaica,JAM,2015,3692000.0,413000000.0,,
535,Jordan,JOR,2015,4809000.0,1267000000.0,,4968000000.0
536,Japan,JPN,2015,19737000.0,23252000000.0,16214000.0,27285000000.0
537,Kazakhstan,KAZ,2015,6430000.0,3046000000.0,11303000.0,1833000000.0
538,Kyrgyzstan,KGZ,2015,4000000.0,535000000.0,4008000.0,482000000.0
539,Cambodia,KHM,2015,4775000.0,641000000.0,1194000.0,3419000000.0
540,South Korea,KOR,2015,13232000.0,27957000000.0,19310000.0,18711000000.0
541,Kuwait,KWT,2015,6941000.0,13148000000.0,,931000000.0
542,Laos,LAO,2015,4684000.0,1002000000.0,3067000.0,725000000.0
543,Lithuania,LTU,2015,5048000.0,,3981000.0,
544,Latvia,LVA,2015,6842000.0,,1720000.0,
545,Macao,MAC,2015,30715000.0,1435000000.0,1466000.0,31620000000.0
546,Morocco,MAR,2015,10542000.0,2155000000.0,1910000.0,7765000000.0
547,Mexico,MEX,2015,87129000.0,12668000000.0,94988000.0,18729000000.0
548,Malta,MLT,2015,2383000.0,,456000.0,
549,Myanmar,MMR,2015,4681000.0,146000000.0,,2199000000.0
550,Montenegro,MNE,2015,1560000.0,69000000.0,,947000000.0
551,Malaysia,MYS,2015,25721000.0,11599000000.0,,19194000000.0
552,Netherlands,NLD,2015,15007000.0,20234000000.0,17535000.0,17558000000.0
553,Norway,NOR,2015,5361000.0,16485000000.0,8750000.0,6370000000.0
554,New Zealand,NZL,2015,3129000.0,3721000000.0,2412000.0,9464000000.0
555,Oman,OMN,2015,2634000.0,2208000000.0,5424000.0,2247000000.0
556,Panama,PAN,2015,2553000.0,1272000000.0,965000.0,5754000000.0
557,Peru,PER,2015,4381000.0,2539000000.0,2595000.0,4140000000.0
558,Philippines,PHL,2015,5361000.0,11868000000.0,5115000.0,6414000000.0
559,Poland,POL,2015,77743000.0,8285000000.0,44300000.0,11164000000.0
560,Puerto Rico,PRI,2015,5051000.0,983000000.0,746000.0,3825000000.0
561,Portugal,PRT,2015,11723000.0,4576000000.0,1893000.0,16007000000.0
562,Paraguay,PRY,2015,4102000.0,494000000.0,1008000.0,348000000.0
563,Qatar,QAT,2015,2941000.0,11641000000.0,,12131000000.0
564,Romania,ROU,2015,9331000.0,2526000000.0,13118000.0,2229000000.0
565,Russia,RUS,2015,33729000.0,38432000000.0,34550000.0,13186000000.0
566,Saudi Arabia,SAU,2015,21834000.0,20366000000.0,25054000.0,11183000000.0
567,Singapore,SGP,2015,15231500.0,23658000000.0,9125000.0,16617000000.0
568,El Salvador,SLV,2015,1973000.0,332000000.0,1618000.0,1203000000.0
569,Slovenia,SVN,2015,3022000.0,1370000000.0,4909000.0,2594000000.0
570,Sweden,SWE,2015,6482000.0,,,
571,Thailand,THA,2015,29923000.0,9539000000.0,6794000.0,44851000000.0
572,Tunisia,TUN,2015,5359000.0,767000000.0,,1869000000.0
573,Turkiye,TUR,2015,41114000.0,5635000000.0,8751000.0,35648000000.0
574,Ukraine,UKR,2015,13025000.0,5408000000.0,23336000.0,1662000000.0
575,Uruguay,URY,2015,3286000.0,1384000000.0,2217000.0,2349000000.0
576,United States of America,USA,2015,176864531.25,144669000000.0,130364000.0,230574000000.0
577,Uzbekistan,UZB,2015,1918000.0,1902000000.0,3491000.0,688000000.0
578,Virgin Islands (U.S.),VIR,2015,2643000.0,,,1324000000.0
579,Vietnam,VNM,2015,7944000.0,3595000000.0,,7350000000.0
580,South Africa,ZAF,2015,13952000.0,5734000000.0,,9140000000.0
581,Zimbabwe,ZWE,2015,2057000.0,557000000.0,3393000.0,191000000.0
582,Albania,ALB,2016,4736000.0,1338000000.0,4852000.0,1821000000.0
583,Andorra,AND,2016,8025000.0,,,
585,United Arab Emirates,ARE,2016,20894000.0,17127259765.625,18728000.0,28657400390.625
586,Argentina,ARG,2016,6668000.0,12273000000.0,18645000.0,5466000000.0
587,Australia,AUS,2016,8269000.0,35718000000.0,10390000.0,39059000000.0
588,Austria,AUT,2016,28121000.0,11634000000.0,11534000.0,20965000000.0
589,Azerbaijan,AZE,2016,2249000.0,2593000000.0,4282000.0,2855000000.0
590,Belgium,BEL,2016,7481000.0,16522000000.0,13372000.0,8784000000.0
591,Bulgaria,BGR,2016,10604000.0,1636000000.0,5392000.0,4148000000.0
592,Bahrain,BHR,2016,10158000.0,3267000000.0,3293000.0,4021000000.0
593,Bahamas,BHS,2016,6265000.0,440000000.0,,3091000000.0
594,Belarus,BLR,2016,10935000.0,891000000.0,8340000.0,1019000000.0
595,Brazil,BRA,2016,6547000.0,17068000000.0,8872000.0,6613000000.0
596,Brunei,BRN,2016,4257000.0,499000000.0,,144000000.0
597,Canada,CAN,2016,30142000.0,,52979000.0,
598,Switzerland,CHE,2016,10402000.0,19941000000.0,21536000.0,19787000000.0
599,Chile,CHL,2016,6712000.0,2733000000.0,4269000.0,3744000000.0
600,China,CHN,2016,141774000.0,,135130000.0,
601,Côte d'Ivoire,CIV,2016,1583000.0,491000000.0,,477000000.0
602,Colombia,COL,2016,3675000.0,4891000000.0,3795000.0,5631000000.0
603,Costa Rica,CRI,2016,3204000.0,1055000000.0,1036000.0,3776000000.0
604,Cuba,CUB,2016,4009000.0,,385000.0,3069000000.0
605,Cayman Is.,CYM,2016,2097000.0,194000000.0,,708000000.0
606,Cyprus,CYP,2016,3286000.0,1559318481.44531,1268000.0,2870000000.0
607,Czechia,CZE,2016,32519000.0,4962000000.0,6027000.0,7041000000.0
608,Germany,DEU,2016,35555000.0,87412000000.0,90966000.0,52234000000.0
609,Denmark,DNK,2016,28692000.0,9174000000.0,9651000.0,7494000000.0
610,Dominican Rep.,DOM,2016,6769000.0,882000000.0,500000.0,6720000000.0
611,Algeria,DZA,2016,2039000.0,556000000.0,4530000.0,246000000.0
612,Ecuador,ECU,2016,1569000.0,1454000000.0,1366000.0,1729000000.0
613,Egypt,EGY,2016,5399000.0,4351000000.0,,3306000000.0
614,Spain,ESP,2016,115561000.0,,18277000.0,
615,Estonia,EST,2016,5942000.0,1299000000.0,1339000.0,1911000000.0
616,Finland,FIN,2016,2789000.0,6199000000.0,10278000.0,4017000000.0
617,France,FRA,2016,203042000.0,49029000000.0,29636000.0,63557000000.0
618,United Kingdom,GBR,2016,39129000.0,,81757000.0,
619,Georgia,GEO,2016,5393000.0,706000000.0,3400000.0,2315000000.0
620,Greece,GRC,2016,28071000.0,3412000000.0,7235000.0,16811000000.0
621,Guatemala,GTM,2016,1906000.0,1032000000.0,1195000.0,1202699951.17188
622,Hong Kong,HKG,2016,56655000.0,24141000000.0,91758000.0,37838000000.0
623,Honduras,HND,2016,2228000.0,482000000.0,1121000.0,585000000.0
624,Croatia,HRV,2016,57587000.0,954000000.0,2581000.0,9215000000.0
625,Hungary,HUN,2016,52890000.0,2738000000.0,18895000.0,7481000000.0
626,Indonesia,IDN,2016,11519000.0,9932000000.0,8340000.0,12566000000.0
627,India,IND,2016,14570000.0,19184000000.0,21872000.0,23111000000.0
628,Ireland,IRL,2016,10100000.0,6234000000.0,7646000.0,12649000000.0
629,"Iran, Islamic Rep.",IRN,2016,4942000.0,11142000000.0,9007000.0,4634000000.0
630,Iceland,ISL,2016,1891000.0,,536000.0,
631,Israel,ISR,2016,3070000.0,8210000000.0,6781000.0,6616000000.0
632,Italy,ITA,2016,84925000.0,30584000000.0,57480000.0,42423000000.0
633,Jamaica,JAM,2016,3837000.0,413000000.0,,
634,Jordan,JOR,2016,4236000.0,1367000000.0,1511000.0,4943000000.0
635,Japan,JPN,2016,24039000.0,25968000000.0,17116000.0,33456000000.0
636,Kazakhstan,KAZ,2016,6509000.0,2580000000.0,9756000.0,2038000000.0
637,Kyrgyzstan,KGZ,2016,3853000.0,582000000.0,4185000.0,477000000.0
638,Cambodia,KHM,2016,5012000.0,762000000.0,1434000.0,3523000000.0
639,South Korea,KOR,2016,17242000.0,29817000000.0,22383000.0,20924000000.0
640,Kuwait,KWT,2016,7055000.0,13232000000.0,,831000000.0
641,Laos,LAO,2016,4239000.0,912099975.585938,3059000.0,717000000.0
642,Lithuania,LTU,2016,5322000.0,,4143000.0,
643,Latvia,LVA,2016,6797000.0,,1939000.0,
644,Macao,MAC,2016,30950000.0,1500000000.0,1251000.0,31155000000.0
645,Morocco,MAR,2016,10677000.0,2312000000.0,1864000.0,7922000000.0
646,Mexico,MEX,2016,94853000.0,12823000000.0,97372000.0,20619000000.0
647,Malta,MLT,2016,2592000.0,,550000.0,
648,Myanmar,MMR,2016,2907000.0,201000000.0,,2289000000.0
649,Montenegro,MNE,2016,1662000.0,91000000.0,,978000000.0
650,Malaysia,MYS,2016,26757000.0,11339000000.0,,19682000000.0
651,Netherlands,NLD,2016,15828000.0,20188800781.25,18152000.0,19421800781.25
652,Norway,NOR,2016,5960000.0,16384000000.0,8030000.0,6285000000.0
653,New Zealand,NZL,2016,3494000.0,4010000000.0,2611000.0,9773000000.0
654,Oman,OMN,2016,3207000.0,2643000000.0,5902000.0,2324000000.0
655,Panama,PAN,2016,2379000.0,1351000000.0,1051000.0,6283000000.0
656,Peru,PER,2016,4718000.0,2700000000.0,2751000.0,4288000000.0
657,Philippines,PHL,2016,5967000.0,11681000000.0,5703000.0,6289000000.0
658,Poland,POL,2016,80476000.0,8509000000.0,44500000.0,11922000000.0
659,Puerto Rico,PRI,2016,5003000.0,1059000000.0,789000.0,3974000000.0
660,Portugal,PRT,2016,13359000.0,4707000000.0,1941000.0,17347000000.0
661,Paraguay,PRY,2016,4318000.0,512000000.0,1503000.0,356000000.0
662,Qatar,QAT,2016,2938000.0,13152000000.0,,12593000000.0
663,Romania,ROU,2016,10223000.0,2910000000.0,16128000.0,2474000000.0
664,Russia,RUS,2016,24571000.0,27654000000.0,31659000.0,12822000000.0
665,Saudi Arabia,SAU,2016,20887000.0,17671000000.0,27618000.0,13438000000.0
666,Singapore,SGP,2016,16403000.0,23957000000.0,9474000.0,18944000000.0
667,El Salvador,SLV,2016,2052000.0,451000000.0,1804000.0,1161000000.0
668,Slovenia,SVN,2016,3397000.0,1483800048.82813,5408000.0,2717899902.34375
669,Sweden,SWE,2016,6782000.0,,,
670,Syrian Arab Republic,SYR,2016,1043000.0,,,
671,Thailand,THA,2016,32530000.0,11267000000.0,8204000.0,48459000000.0
672,Tunisia,TUN,2016,5724000.0,823000000.0,1830000.0,1706000000.0
673,Turkiye,TUR,2016,30907000.0,5698000000.0,7892000.0,26505000000.0
674,Ukraine,UKR,2016,13734000.0,6306000000.0,25226000.0,1723000000.0
675,Uruguay,URY,2016,3632000.0,1079000000.0,1715000.0,2396000000.0
676,United States of America,USA,2016,175261484.375,147640000000.0,141526000.0,228549000000.0
677,Uzbekistan,UZB,2016,2027000.0,1832000000.0,3848000.0,579000000.0
678,Virgin Islands (U.S.),VIR,2016,2574000.0,,,1343000000.0
679,Vietnam,VNM,2016,10013000.0,4500000000.0,,8500000000.0
680,South Africa,ZAF,2016,15121000.0,5354000000.0,,8807000000.0
681,Zimbabwe,ZWE,2016,2168000.0,406000000.0,3192000.0,194000000.0
682,Albania,ALB,2017,5118000.0,1473000000.0,5186000.0,2050000000.0
683,Andorra,AND,2017,8152000.0,,,
685,United Arab Emirates,ARE,2017,21805000.0,17644699218.75,18866000.0,29705500000.0
686,Argentina,ARG,2017,6711000.0,14180000000.0,21583000.0,5830000000.0
687,Australia,AUS,2017,8815000.0,39710000000.0,10932000.0,43975000000.0
688,Austria,AUT,2017,29460000.0,12878000000.0,11491000.0,22424000000.0
689,Azerbaijan,AZE,2017,2697000.0,2803000000.0,4109000.0,3214000000.0
690,Belgium,BEL,2017,8385000.0,17835000000.0,12142000.0,9636000000.0
691,Bulgaria,BGR,2017,11596000.0,2047000000.0,6228000.0,4663000000.0
692,Bahrain,BHR,2017,11374000.0,3178000000.0,3136000.0,4380000000.0
693,Bahamas,BHS,2017,6136000.0,554000000.0,,2951000000.0
694,Belarus,BLR,2017,11060000.0,1082000000.0,9209000.0,1124500000.0
695,Brazil,BRA,2017,6589000.0,22991000000.0,10610000.0,6175000000.0
696,Brunei,BRN,2017,4316000.0,504000000.0,,177000000.0
697,Canada,CAN,2017,31081000.0,,54955000.0,
698,Switzerland,CHE,2017,11133000.0,21501000000.0,22481000.0,20399000000.0
699,Chile,CHL,2017,7621000.0,3093000000.0,4367000.0,4115000000.0
700,China,CHN,2017,153260000.0,,143035000.0,
701,Côte d'Ivoire,CIV,2017,1800000.0,564000000.0,,509000000.0
702,Colombia,COL,2017,4056000.0,5136000000.0,4017000.0,5899000000.0
703,Costa Rica,CRI,2017,3231000.0,1322000000.0,1150000.0,3758000000.0
704,Cuba,CUB,2017,4654000.0,,459000.0,3302000000.0
705,Cayman Is.,CYM,2017,2147000.0,271000000.0,,832000000.0
706,Cyprus,CYP,2017,3750000.0,1378000000.0,1407000.0,3274000000.0
707,Czechia,CZE,2017,34701000.0,5533000000.0,6775000.0,7695000000.0
708,Germany,DEU,2017,37452000.0,97163000000.0,92402000.0,55750000000.0
709,Denmark,DNK,2017,30736000.0,9804000000.0,8087000.0,8508000000.0
710,Dominican Rep.,DOM,2017,7296000.0,940000000.0,522000.0,7184000000.0
711,Algeria,DZA,2017,2451000.0,632000000.0,5058000.0,171000000.0
712,Ecuador,ECU,2017,1806000.0,1463000000.0,1347000.0,2018000000.0
713,Egypt,EGY,2017,8292000.0,2419000000.0,,8636000000.0
714,Spain,ESP,2017,121717000.0,,20274000.0,
715,Estonia,EST,2017,6145000.0,1395000000.0,1279000.0,2124000000.0
716,Finland,FIN,2017,3180000.0,6740000000.0,10480000.0,5210000000.0
717,France,FRA,2017,207274000.0,53787000000.0,44265000.0,67717000000.0
718,United Kingdom,GBR,2017,41080000.0,,87242000.0,
719,Georgia,GEO,2017,6483000.0,853000000.0,3851000.0,2971000000.0
720,Greece,GRC,2017,30161000.0,3306000000.0,7685000.0,19139000000.0
721,Guatemala,GTM,2017,2120000.0,1066000000.0,1328000.0,1217599975.58594
722,Hong Kong,HKG,2017,58472000.0,25388000000.0,91304000.0,38170000000.0
723,Honduras,HND,2017,2144000.0,517000000.0,727000.0,610000000.0
724,Croatia,HRV,2017,59238000.0,1410000000.0,2597000.0,10534000000.0
725,Hungary,HUN,2017,54962000.0,3049000000.0,20297000.0,8448000000.0
726,Indonesia,IDN,2017,14040000.0,10945000000.0,8856000.0,14691000000.0
727,India,IND,2017,15543000.0,21856000000.0,23943000.0,27878000000.0
728,Ireland,IRL,2017,10338000.0,6616000000.0,8171000.0,14294000000.0
729,"Iran, Islamic Rep.",IRN,2017,4867000.0,12568000000.0,10543000.0,4531000000.0
730,Iceland,ISL,2017,2353000.0,,619000.0,
731,Israel,ISR,2017,3863000.0,8985000000.0,7597000.0,7602000000.0
732,Italy,ITA,2017,89931000.0,34819000000.0,60042000.0,46719000000.0
733,Jamaica,JAM,2017,4276000.0,455000000.0,,
734,Jordan,JOR,2017,4565000.0,1496000000.0,1592000.0,5549000000.0
735,Japan,JPN,2017,28691000.0,25774000000.0,17889000.0,36978000000.0
736,Kazakhstan,KAZ,2017,7701000.0,2695000000.0,10261000.0,2356000000.0
737,Kyrgyzstan,KGZ,2017,4568000.0,422000000.0,4446000.0,480000000.0
738,Cambodia,KHM,2017,5602000.0,919000000.0,1752000.0,4024000000.0
739,South Korea,KOR,2017,13336000.0,34453000000.0,26496000.0,17173000000.0
740,Kuwait,KWT,2017,7407000.0,13722000000.0,,643000000.0
741,Laos,LAO,2017,3869000.0,930000000.0,3049000.0,655000000.0
742,Lithuania,LTU,2017,5590000.0,,4294000.0,
743,Latvia,LVA,2017,7726000.0,,2055000.0,
744,Macao,MAC,2017,32611000.0,1702000000.0,1391000.0,36595000000.0
745,Morocco,MAR,2017,11540000.0,2829000000.0,1849000.0,9086000000.0
746,Mexico,MEX,2017,99349000.0,13647000000.0,94274000.0,22467000000.0
747,Malta,MLT,2017,2944000.0,,633000.0,
748,Myanmar,MMR,2017,3443000.0,136000000.0,,1988000000.0
749,Montenegro,MNE,2017,1877000.0,91000000.0,,1110000000.0
750,Malaysia,MYS,2017,25948000.0,12145000000.0,,20311000000.0
751,Netherlands,NLD,2017,17924000.0,22301099609.375,20763000.0,21844699218.75
752,Norway,NOR,2017,6252000.0,17489000000.0,8170000.0,6565000000.0
753,New Zealand,NZL,2017,3723000.0,4463000000.0,2853000.0,10594000000.0
754,Oman,OMN,2017,3178000.0,2915000000.0,6368000.0,2629000000.0
755,Panama,PAN,2017,2517000.0,1132000000.0,869000.0,6827000000.0
756,Peru,PER,2017,4992000.0,2893000000.0,2875000.0,4439000000.0
757,Philippines,PHL,2017,6621000.0,12442000000.0,,8349000000.0
758,Poland,POL,2017,83804000.0,9420000000.0,46700000.0,13925000000.0
759,Puerto Rico,PRI,2017,4927000.0,1072000000.0,792000.0,3868000000.0
760,Portugal,PRT,2017,15432000.0,5509000000.0,2195000.0,21586000000.0
761,Paraguay,PRY,2017,4744000.0,545000000.0,1548000.0,399000000.0
762,Qatar,QAT,2017,2256000.0,12284000000.0,,15757000000.0
763,Romania,ROU,2017,10926000.0,4955000000.0,19953000.0,3553000000.0
764,Russia,RUS,2017,24390000.0,35584000000.0,39629000.0,14938000000.0
765,Saudi Arabia,SAU,2017,18607000.0,19065000000.0,28748000.0,15020000000.0
766,Singapore,SGP,2017,17425000.0,24588000000.0,9889000.0,19891000000.0
767,El Salvador,SLV,2017,2247000.0,466000000.0,1871000.0,1227000000.0
768,Slovenia,SVN,2017,3991000.0,1641099975.58594,5410000.0,3055100097.65625
769,Sweden,SWE,2017,7054000.0,,22121000.0,
770,Syrian Arab Republic,SYR,2017,1291000.0,,,
771,Thailand,THA,2017,35592000.0,12676000000.0,8963000.0,57057000000.0
772,Tunisia,TUN,2017,7052000.0,871000000.0,,1782000000.0
773,Turkiye,TUR,2017,37970000.0,5865000000.0,8887000.0,31993000000.0
774,Ukraine,UKR,2017,14579000.0,7536000000.0,27067000.0,2019000000.0
775,Uruguay,URY,2017,4219000.0,1222000000.0,1789000.0,2924000000.0
776,United States of America,USA,2017,174291750.0,158287000000.0,148045000.0,233758000000.0
777,Uzbekistan,UZB,2017,2690000.0,2107000000.0,5182000.0,835000000.0
778,Virgin Islands (U.S.),VIR,2017,1954000.0,,,1202000000.0
779,Vietnam,VNM,2017,12922000.0,5040000000.0,,8890000000.0
780,South Africa,ZAF,2017,14975000.0,6068000000.0,,9706000000.0
781,Zimbabwe,ZWE,2017,2423000.0,337000000.0,2768000.0,158000000.0
782,Albania,ALB,2018,5927000.0,1750000000.0,5415000.0,2306000000.0
783,Andorra,AND,2018,8328000.0,,,
785,United Arab Emirates,ARE,2018,23092000.0,18004099609.375,18967000.0,34609500000.0
786,Argentina,ARG,2018,6942000.0,13084000000.0,18411000.0,5999000000.0
787,Australia,AUS,2018,9246000.0,42439000000.0,11403000.0,47327000000.0
788,Austria,AUT,2018,30816000.0,14109000000.0,11043000.0,25413000000.0
789,Azerbaijan,AZE,2018,2850000.0,2453000000.0,4908000.0,2830000000.0
790,Belgium,BEL,2018,9119000.0,20789000000.0,13098000.0,10319000000.0
791,Bulgaria,BGR,2018,12368000.0,2247000000.0,6699000.0,5061000000.0
792,Bahrain,BHR,2018,12045000.0,2522000000.0,2868000.0,3834000000.0
793,Bahamas,BHS,2018,6622000.0,519000000.0,,3756000000.0
794,Belarus,BLR,2018,11502000.0,1170000000.0,9326000.0,1221000000.0
795,Brazil,BRA,2018,6621000.0,22229000000.0,10628000.0,6324000000.0
796,Brunei,BRN,2018,4521000.0,585000000.0,,190000000.0
797,Canada,CAN,2018,31274000.0,,38069000.0,
798,Switzerland,CHE,2018,11715000.0,21441000000.0,24572000.0,21294000000.0
799,Chile,CHL,2018,6603000.0,3124000000.0,4605000.0,3911000000.0
800,China,CHN,2018,158606000.0,,149720000.0,
801,Côte d'Ivoire,CIV,2018,1965000.0,625000000.0,,551000000.0
802,Colombia,COL,2018,4397000.0,5531000000.0,4368000.0,6655000000.0
803,Costa Rica,CRI,2018,3313000.0,1198000000.0,1079000.0,4073000000.0
804,Cuba,CUB,2018,4712000.0,,552000.0,2783000000.0
805,Cayman Is.,CYM,2018,2384000.0,284000000.0,,911000000.0
806,Cyprus,CYP,2018,4024000.0,1569000000.0,1446000.0,3449000000.0
807,Czechia,CZE,2018,36268000.0,6074000000.0,7390000.0,8283000000.0
808,Germany,DEU,2018,38881000.0,103502000000.0,108542000.0,59446000000.0
809,Denmark,DNK,2018,30801000.0,10485000000.0,7475000.0,9097000000.0
810,Dominican Rep.,DOM,2018,7551000.0,1006000000.0,514000.0,7561000000.0
811,Algeria,DZA,2018,2657000.0,542000000.0,5610000.0,196500000.0
812,Ecuador,ECU,2018,2535000.0,1523000000.0,1402000.0,2279000000.0
813,Egypt,EGY,2018,11346000.0,2897000000.0,,12704000000.0
814,Spain,ESP,2018,124456000.0,,22287000.0,
815,Estonia,EST,2018,6033000.0,1647000000.0,2069000.0,2326000000.0
816,Finland,FIN,2018,3224000.0,7223000000.0,10480000.0,5762000000.0
817,France,FRA,2018,211998000.0,59131000000.0,48069000.0,72518000000.0
818,United Kingdom,GBR,2018,40283000.0,,90571000.0,
819,Georgia,GEO,2018,7203000.0,960000000.0,3698000.0,3518000000.0
820,Greece,GRC,2018,33072000.0,3910000000.0,7961000.0,21594000000.0
821,Guatemala,GTM,2018,2406000.0,1105000000.0,1538000.0,1235099975.58594
822,Hong Kong,HKG,2018,65148000.0,26498000000.0,92214000.0,42313000000.0
823,Honduras,HND,2018,2323000.0,558000000.0,703000.0,601000000.0
824,Croatia,HRV,2018,57668000.0,1741000000.0,2980000.0,11348000000.0
825,Hungary,HUN,2018,57667000.0,3239000000.0,22805000.0,9618000000.0
826,Indonesia,IDN,2018,15810000.0,13171000000.0,9468000.0,17915000000.0
827,India,IND,2018,17423000.0,25790000000.0,26296000.0,29143000000.0
828,Ireland,IRL,2018,10926000.0,7541000000.0,8643000.0,15276000000.0
829,"Iran, Islamic Rep.",IRN,2018,7295000.0,9271000000.0,7243000.0,5252000000.0
830,Iceland,ISL,2018,2488000.0,,668000.0,
831,Israel,ISR,2018,4389000.0,9975000000.0,8473000.0,8048000000.0
832,Italy,ITA,2018,93228601.5625,37644000000.0,61194601.5625,51602000000.0
833,Jamaica,JAM,2018,4319000.0,505000000.0,,
834,Jordan,JOR,2018,4922000.0,1493000000.0,1501000.0,6221000000.0
835,Japan,JPN,2018,31191000.0,28097000000.0,18954000.0,45276000000.0
836,Kazakhstan,KAZ,2018,8789000.0,2852000000.0,10646000.0,2651000000.0
837,Kyrgyzstan,KGZ,2018,6947000.0,451000000.0,6839000.0,518000000.0
838,Cambodia,KHM,2018,6201000.0,1080000000.0,1995000.0,4832000000.0
839,South Korea,KOR,2018,15347000.0,38022000000.0,28696000.0,23104000000.0
840,Kuwait,KWT,2018,8508000.0,14318000000.0,,919000000.0
841,Laos,LAO,2018,4186000.0,1005000000.0,3207000.0,833000000.0
842,Lithuania,LTU,2018,6115000.0,,4702000.0,
843,Latvia,LVA,2018,7775000.0,,2175000.0,
844,Macao,MAC,2018,35804000.0,1941000000.0,1780000.0,41478000000.0
845,Morocco,MAR,2018,12489000.0,2987000000.0,1923000.0,9520000000.0
846,Mexico,MEX,2018,96497000.0,14074000000.0,86280000.0,23802000000.0
847,Malta,MLT,2018,3232000.0,,728000.0,
848,Myanmar,MMR,2018,3551000.0,118000000.0,,1670000000.0
849,Montenegro,MNE,2018,2077000.0,73000000.0,,1224000000.0
850,Malaysia,MYS,2018,25832000.0,13207000000.0,,21775000000.0
851,Netherlands,NLD,2018,18780000.0,23359300781.25,20981000.0,23919099609.375
852,Norway,NOR,2018,5688000.0,18307000000.0,8110000.0,7280000000.0
853,New Zealand,NZL,2018,3858000.0,4603000000.0,3038000.0,10961000000.0
854,Oman,OMN,2018,3242000.0,3210000000.0,5975000.0,2874000000.0
855,Panama,PAN,2018,2487000.0,1395000000.0,1020000.0,7139000000.0
856,Peru,PER,2018,5384000.0,3353000000.0,3078000.0,4505000000.0
857,Philippines,PHL,2018,7168000.0,12474000000.0,,9715000000.0
858,Poland,POL,2018,85946000.0,10367000000.0,48600000.0,15569000000.0
859,Puerto Rico,PRI,2018,4260000.0,893000000.0,,3303000000.0
860,Portugal,PRT,2018,16186000.0,6427000000.0,2486000.0,24366000000.0
861,Paraguay,PRY,2018,4183000.0,549000000.0,1266000.0,393000000.0
862,Qatar,QAT,2018,1819000.0,11754000000.0,,15239000000.0
863,Romania,ROU,2018,11720000.0,6109000000.0,21039000.0,3879000000.0
864,Russia,RUS,2018,24551000.0,38791000000.0,41964000.0,18735000000.0
865,Saudi Arabia,SAU,2018,17570000.0,17939000000.0,27425000.0,16974000000.0
866,Singapore,SGP,2018,18508000.0,25346000000.0,10378000.0,20416000000.0
867,El Salvador,SLV,2018,2536000.0,490000000.0,1788000.0,1370000000.0
868,Slovenia,SVN,2018,4425000.0,1864300048.82813,5409000.0,3377500000.0
869,Sweden,SWE,2018,7440000.0,,19939000.0,
870,Syrian Arab Republic,SYR,2018,1802000.0,,,
871,Thailand,THA,2018,38178000.0,14406000000.0,9966000.0,61383000000.0
872,Tunisia,TUN,2018,8299000.0,954000000.0,2515000.0,2320000000.0
873,Turkiye,TUR,2018,46113000.0,6068000000.0,8383000.0,36791000000.0
874,Ukraine,UKR,2018,14342000.0,8287000000.0,27977000.0,2269000000.0
875,Uruguay,URY,2018,3954000.0,1252000000.0,1947000.0,2708000000.0
876,United States of America,USA,2018,169324921.875,176818000000.0,158445406.25,241984000000.0
877,Uzbekistan,UZB,2018,5346000.0,2722000000.0,8594000.0,1314000000.0
878,Virgin Islands (U.S.),VIR,2018,1922000.0,,,993000000.0
879,Vietnam,VNM,2018,15498000.0,5910000000.0,,10080000000.0
880,South Africa,ZAF,2018,15004000.0,6348000000.0,,9789000000.0
881,Zimbabwe,ZWE,2018,2580000.0,269000000.0,2288000.0,191000000.0
882,Albania,ALB,2019,6406000.0,1852000000.0,5922000.0,2458000000.0
883,Andorra,AND,2019,8235000.0,187000000.0,,1910000000.0
885,United Arab Emirates,ARE,2019,25282000.0,18382000000.0,18906000.0,38413300781.25
886,Argentina,ARG,2019,7399000.0,9845000000.0,15352000.0,5654000000.0
887,Australia,AUS,2019,9466000.0,41345000000.0,11624000.0,47953000000.0
888,Austria,AUT,2019,31884000.0,13922000000.0,11902000.0,25924000000.0
889,Azerbaijan,AZE,2019,3170000.0,1839000000.0,5568000.0,2004099975.58594
890,Belgium,BEL,2019,9343000.0,20998000000.0,14191000.0,10581000000.0
891,Bulgaria,BGR,2019,12552000.0,2196000000.0,7007000.0,4832000000.0
892,Bahrain,BHR,2019,11061000.0,2637000000.0,2950000.0,3860000000.0
893,Bahamas,BHS,2019,7250000.0,514000000.0,,4150000000.0
894,Belarus,BLR,2019,11832000.0,1224500000.0,9221000.0,1290000000.0
895,Brazil,BRA,2019,6353000.0,21178000000.0,,6127000000.0
896,Brunei,BRN,2019,4449000.0,,,
897,Canada,CAN,2019,32430000.0,,37845898.4375,
898,Switzerland,CHE,2019,11818000.0,21097000000.0,19797000.0,21257000000.0
899,Chile,CHL,2019,5431000.0,3142000000.0,4091000.0,3279000000.0
900,China,CHN,2019,162538000.0,,154632000.0,
901,Côte d'Ivoire,CIV,2019,2070000.0,702000000.0,,550500000.0
902,Colombia,COL,2019,4531000.0,5658000000.0,4479000.0,6784000000.0
903,Costa Rica,CRI,2019,3366000.0,1330000000.0,1153000.0,4282000000.0
904,Cuba,CUB,2019,4276000.0,,650000.0,2645000000.0
905,Cayman Is.,CYM,2019,2334000.0,299000000.0,,964000000.0
906,Cyprus,CYP,2019,4117000.0,1596000000.0,1578000.0,3245000000.0
907,Czechia,CZE,2019,37202000.0,6034000000.0,7346000.0,7967000000.0
908,Germany,DEU,2019,39563000.0,101231000000.0,99533000.0,58372000000.0
909,Denmark,DNK,2019,33093000.0,,9088000.0,
910,Dominican Rep.,DOM,2019,7550000.0,1060000000.0,532000.0,
911,Algeria,DZA,2019,2371000.0,670000000.0,5732000.0,140000000.0
912,Ecuador,ECU,2019,2108000.0,1650000000.0,1515000.0,2288000000.0
913,Egypt,EGY,2019,13026000.0,3718000000.0,,14256000000.0
914,Spain,ESP,2019,126170000.0,,22816000.0,
915,Estonia,EST,2019,6103000.0,1808000000.0,1702000.0,2310000000.0
916,Finland,FIN,2019,3290000.0,6841000000.0,10440000.0,5944000000.0
917,France,FRA,2019,217877000.0,59751000000.0,49276000.0,70776000000.0
918,United Kingdom,GBR,2019,40857000.0,,93086000.0,
919,Georgia,GEO,2019,7726000.0,1124000000.0,3780000.0,3551000000.0
920,Greece,GRC,2019,34005000.0,4211000000.0,7848000.0,23003000000.0
921,Guatemala,GTM,2019,2560000.0,1128000000.0,1703000.0,1227199951.17188
922,Hong Kong,HKG,2019,55913000.0,,94715000.0,32697000000.0
923,Honduras,HND,2019,2315000.0,655000000.0,,556000000.0
924,Croatia,HRV,2019,60021000.0,1811000000.0,3500000.0,11974000000.0
925,Hungary,HUN,2019,61397000.0,3352000000.0,24860000.0,10225000000.0
926,Indonesia,IDN,2019,16107000.0,14449000000.0,11689000.0,18405000000.0
927,India,IND,2019,17914000.0,28595000000.0,26915000.0,31661000000.0
928,Ireland,IRL,2019,10951000.0,8156000000.0,9350000.0,14808000000.0
929,"Iran, Islamic Rep.",IRN,2019,9107000.0,,,
930,Iceland,ISL,2019,2202000.0,,611000.0,
931,Israel,ISR,2019,4905000.0,10389000000.0,9179000.0,8459000000.0
932,Italy,ITA,2019,95399000.0,37908000000.0,62207000.0,51910000000.0
933,Jamaica,JAM,2019,4233000.0,508000000.0,,
934,Jordan,JOR,2019,5361000.0,1569000000.0,1537000.0,6765000000.0
935,Japan,JPN,2019,31881000.0,29146000000.0,20081000.0,49209000000.0
936,Kazakhstan,KAZ,2019,8515000.0,2955000000.0,10707000.0,2922000000.0
937,Kyrgyzstan,KGZ,2019,8508000.0,519000000.0,5314000.0,708000000.0
938,Cambodia,KHM,2019,6611000.0,1162000000.0,2038000.0,5312000000.0
939,South Korea,KOR,2019,17503000.0,35339000000.0,28714000.0,25456000000.0
940,Kuwait,KWT,2019,8565000.0,15839000000.0,,1198000000.0
941,Laos,LAO,2019,4791000.0,1029000000.0,2690000.0,974000000.0
942,Lithuania,LTU,2019,6150000.0,,4881000.0,
943,Latvia,LVA,2019,8342000.0,,2384000.0,
944,Macao,MAC,2019,39406000.0,2034000000.0,1765000.0,41166000000.0
945,Morocco,MAR,2019,13109000.0,3102000000.0,2009000.0,9949000000.0
946,Mexico,MEX,2019,97406000.0,12300000000.0,82752000.0,25847000000.0
947,Malta,MLT,2019,3519000.0,,774000.0,
948,Myanmar,MMR,2019,4364000.0,214000000.0,,2501000000.0
949,Montenegro,MNE,2019,2510000.0,72000000.0,,1276000000.0
950,Malaysia,MYS,2019,26101000.0,13694000000.0,,22200000000.0
951,Netherlands,NLD,2019,20129000.0,22547400390.625,22045000.0,23723900390.625
952,Norway,NOR,2019,5879000.0,17683000000.0,8890000.0,7040000000.0
953,New Zealand,NZL,2019,3888000.0,,3225000.0,
954,Oman,OMN,2019,3506000.0,3406000000.0,6633000.0,3077000000.0
955,Panama,PAN,2019,2494000.0,1623000000.0,1226000.0,7052000000.0
956,Peru,PER,2019,5275000.0,3627399902.34375,3275000.0,4703000000.0
957,Philippines,PHL,2019,8261000.0,12926000000.0,,11455000000.0
958,Poland,POL,2019,88515000.0,10161000000.0,50600000.0,15712000000.0
959,Puerto Rico,PRI,2019,4931000.0,,,3612000000.0
960,Portugal,PRT,2019,17283000.0,6823000000.0,3100000.0,24592000000.0
961,Paraguay,PRY,2019,4368000.0,552000000.0,1192000.0,409000000.0
962,Qatar,QAT,2019,2136500.0,12528000000.0,,15647000000.0
963,Romania,ROU,2019,12815000.0,7172000000.0,23066000.0,4240000000.0
964,Russia,RUS,2019,24419000.0,40611000000.0,45330000.0,17235000000.0
965,Saudi Arabia,SAU,2019,20292000.0,16415000000.0,27196000.0,19849000000.0
966,Singapore,SGP,2019,19116000.0,,10711000.0,
967,El Salvador,SLV,2019,2639000.0,504000000.0,1899000.0,1664000000.0
968,Slovenia,SVN,2019,4702000.0,1771699951.17188,6049000.0,3353100097.65625
969,Sweden,SWE,2019,7616000.0,,19061000.0,
970,Syrian Arab Republic,SYR,2019,2424000.0,,,
971,Thailand,THA,2019,39916000.0,14969000000.0,10446000.0,64371000000.0
972,Tunisia,TUN,2019,9429000.0,889000000.0,2781000.0,2683000000.0
973,Turkiye,TUR,2019,51747000.0,5354000000.0,9651000.0,41415000000.0
974,Ukraine,UKR,2019,13710000.0,8907000000.0,29346000.0,2595000000.0
975,Uruguay,URY,2019,3480000.0,1424000000.0,2199000.0,2335000000.0
976,United States of America,USA,2019,165478000.0,186079000000.0,170930093.75,239447000000.0
977,Uzbekistan,UZB,2019,6749000.0,2753000000.0,8437000.0,1679000000.0
978,Virgin Islands (U.S.),VIR,2019,2074000.0,,,1031000000.0
979,Vietnam,VNM,2019,18009000.0,6460000000.0,,11830000000.0
980,South Africa,ZAF,2019,14797000.0,5866000000.0,,9064000000.0
981,Zimbabwe,ZWE,2019,2294000.0,257000000.0,3275000.0,285000000.0
982,United Arab Emirates,ARE,2010,,11818000000.0,,8577000000.0
983,Greece,GRC,2010,,3400000000.0,3799000.0,13857000000.0
984,United Arab Emirates,ARE,2011,,13206000000.0,,9204000000.0
985,Greece,GRC,2011,,3809000000.0,4941000.0,16269000000.0
986,United Arab Emirates,ARE,2012,,15072000000.0,,10924000000.0
987,Brunei,BRN,2012,,591000000.0,,92000000.0
988,Greece,GRC,2012,,3005000000.0,4681000.0,14665000000.0
989,United Arab Emirates,ARE,2013,,16188000000.0,,12389000000.0
990,Brunei,BRN,2013,,624000000.0,,96000000.0
991,United Arab Emirates,ARE,2014,,15848000000.0,,15221000000.0
992,Brunei,BRN,2014,,616000000.0,,79000000.0
993,Brunei,BRN,2015,,459000000.0,,147000000.0
994,Brunei,BRN,2010,,,,
995,Brunei,BRN,2011,,,,
996,Syrian Arab Republic,SYR,2012,,,,
997,Syrian Arab Republic,SYR,2013,,,,
998,Syrian Arab Republic,SYR,2014,,,,
999,Syrian Arab Republic,SYR,2015,,,,
126,Luxembourg,LUX,2010,805000.0,3626000000.0,1237000.0,4519000000.0
364,Luxembourg,LUX,2011,874000.0,3873000000.0,1643000.0,5358000000.0
602,Luxembourg,LUX,2012,950000.0,3094000000.0,1580000.0,5395000000.0
840,Luxembourg,LUX,2013,945000.0,3292000000.0,1624000.0,5629000000.0
1075,Luxembourg,LUX,2014,1038000.0,3359000000.0,1815000.0,6033000000.0
1313,Luxembourg,LUX,2015,1090000.0,2333000000.0,1702000.0,6182000000.0
1553,Luxembourg,LUX,2016,1054000.0,2048000000.0,1588000.0,5606000000.0
1789,Luxembourg,LUX,2017,1046000.0,2607000000.0,2346000.0,5472000000.0
2022,Luxembourg,LUX,2018,1018000.0,2872000000.0,2510000.0,5642000000.0
2250,Luxembourg,LUX,2019,1041000.0,3288000000.0,2548000.0,5645000000.0
189,Serbia,SRB,2010,683000.0,1103000000.0,,950000000.0
427,Serbia,SRB,2011,764000.0,1263000000.0,,1149000000.0
666,Serbia,SRB,2012,810000.0,1188000000.0,,1080000000.0
902,Serbia,SRB,2013,922000.0,1290000000.0,,1221000000.0
1138,Serbia,SRB,2014,1029000.0,1360000000.0,,1352000000.0
1377,Serbia,SRB,2015,1132000.0,1254000000.0,,1322000000.0
1617,Serbia,SRB,2016,1281000.0,1351000000.0,,1461000000.0
1851,Serbia,SRB,2017,1497000.0,1549000000.0,,1706000000.0
2083,Serbia,SRB,2018,1711000.0,1837000000.0,,1941000000.0
2309,Serbia,SRB,2019,1847000.0,2000000000.0,,2000000000.0
