index,Country,Year,avgLengthStay,businessPurpose,numBedPlaces,numEstablishments,numRooms,occupancyBeds,occupancyRooms,personalPurpose,totalArrivals
1,Albania,2010,,47,25110,,14328,,,2370,2417
2,Albania,2011,,43,24301,,12428,,,2889,2932
3,Albania,2012,,42,32004,,14652,,,3472,3514
4,Albania,2013,,50,29737,,14146,,,3206,3256
5,Albania,2014,,48,32879,,15081,,,3624,3673
6,Albania,2015,,42,29903,,12986,,,4089,4131
7,Albania,2016,,59,41376,,17692,,,4677,4736
8,Albania,2017,,69,60816,,,,,5050,5118
9,Albania,2018,2.43,87,69395,1021,30524,19.38,17.53,5840,5927
10,Albania,2019,2.58,101,77974,1126,33798,24.41,21.81,6305,6406
11,Algeria,2010,,278,92377,,,,,377,655
12,Algeria,2011,,272,94021,,,,,630,902
13,Algeria,2012,,280,96898,,,,,702,982
14,Algeria,2013,,292,98804,,,,,672,964
15,Algeria,2014,,329,99605,,,,,612,940
16,Algeria,2015,1.69,360,102244,1195,,,,723,1083
17,Algeria,2016,1.68,380,107420,1231,,,,942,1323
18,Algeria,2017,1.68,238,112264,1289,,,,1470,1708
19,Algeria,2018,1.67,181,119155,1368,,,,1838,2019
20,Algeria,2019,1.68,158,125676,1417,,,,1776,1934
21,Andorra,2010,2.9,592,33788,258,12664,,,7959,8551
22,Andorra,2011,2.91,87,33446,253,12608,,,7896,7983
23,Andorra,2012,2.97,86,34271,249,12506,,,7814,7900
24,Andorra,2013,2.99,107,34062,243,12391,,,7569,7676
25,Andorra,2014,2.87,117,34019,241,12339,,,7680,7797
26,Andorra,2015,3.05,173,33613,239,12134,,,7678,7850
27,Andorra,2016,2.94,145,32963,235,11910,,,7881,8025
28,Andorra,2017,2.91,130,33099,235,11934,,,8022,8152
29,Andorra,2018,2.88,175,32903,239,11998,,,8153,8328
30,Andorra,2019,2.88,189,32296,230,11725,,,8046,8235
31,Argentina,2010,2.38,494,578697,12662,226789,32.73,41.76,2203,2697
32,Argentina,2011,2.35,509,603473,13398,233520,34.03,43.37,2243,2752
33,Argentina,2012,2.37,450,611439,13526,236641,32.3,41.04,2173,2623
34,Argentina,2013,2.36,476,667608,14907,252671,32.34,41.55,1957,2433
35,Argentina,2014,2.4,511,683454,15591,258129,33.46,42.64,2010,2521
36,Argentina,2015,2.39,525,691272,15754,261004,33.51,42.77,1827,2352
37,Argentina,2016,2.37,477,688059,15195,259453,32.68,42.01,1837,2315
38,Argentina,2017,2.3,560,703207,15615,264741,34.55,44.14,1873,2432
39,Argentina,2018,2.35,662,711101,15717,268199,35.04,44.81,2017,2680
40,Argentina,2019,2.33,588,724841,15934,271577,35.4,45.18,2332,2920
41,Australia,2010,2.3,1360,640454,4279,227320,41.4,66.3,4431,5791
42,Australia,2011,2.3,1420,636002,4216,226557,41.8,67.3,4351,5771
43,Australia,2012,2.3,1455,631351,4233,227168,38,63.1,4577,6032
44,Australia,2013,2.2,1443,632257,4237,230064,37.7,62,5038,6482
45,Australia,2014,,1486,635130,4204,229646,37.6,61.5,5435,6922
46,Australia,2015,,1580,678361,4464,248573,38.6,62.4,5870,7449
47,Australia,2016,,1599,676638,4445,249131,39.4,63.9,6670,8269
48,Australia,2017,,1744,789893,5189,274953,75.2,75.2,7072,8815
49,Australia,2018,,1806,800092,5256,284680,76,76,7440,9246
50,Australia,2019,,1842,858089,5637,296452,73.8,73.8,7624,9466
51,Austria,2010,3.6,,589293,13461,290287,30.3,30.3,,
52,Austria,2011,3.64,,594357,13359,290509,31,31,,
53,Austria,2012,3.62,,594841,13203,292165,31.6,31.6,,
54,Austria,2013,3.6,,601483,13073,293702,31.9,31.9,,
55,Austria,2014,3.52,,598742,12839,291753,31.5,31.5,,
56,Austria,2015,3.43,,600342,12625,291974,32.25,32.25,,
57,Austria,2016,3.4,,601945,12366,291497,33.28,33.28,,
58,Austria,2017,3.35,,609393,12153,291046,33.89,33.89,,
59,Austria,2018,3.34,,615541,12003,292458,35.57,35.57,,
60,Austria,2019,3.31,,607010,11823,290878,36.53,36.53,,
61,Azerbaijan,2010,3.1,548,30793,499,14158,12,12,1415,1963
62,Azerbaijan,2011,2.9,592,31979,508,14815,13,13,1647,2239
63,Azerbaijan,2012,2.63,595,32834,514,15898,14,14,1889,2484
64,Azerbaijan,2013,2.52,649,33951,530,16559,14,14,1860,2509
65,Azerbaijan,2014,2.51,670,35652,535,17363,13,13,1627,2298
66,Azerbaijan,2015,1.96,632,37278,536,17953,12,12,1374,2006
67,Azerbaijan,2016,1.89,692,40042,548,19919,15,15,1557,2249
68,Azerbaijan,2017,1.83,834,41611,563,20778,17,17,1862,2697
69,Azerbaijan,2018,1.72,787,46693,596,22192,18,18,2062,2850
70,Azerbaijan,2019,1.74,851,49980,642,23865,18,18,2320,3170
71,Bahamas,2010,,75,30472,280,15236,51.5,51.5,1303,1378
72,Bahamas,2011,,93,30306,286,15153,53.7,53.7,1262,1355
73,Bahamas,2012,,100,29386,277,14693,57.3,57.3,1331,1431
74,Bahamas,2013,,99,29672,312,14836,51.9,51.9,1278,1377
75,Bahamas,2014,,90,30600,316,15300,56,56,1354,1444
76,Bahamas,2015,,107,29454,304,14727,58.64,58.64,1390,1496
77,Bahamas,2016,,107,29608,313,14804,57.94,57.94,1392,1499
78,Bahamas,2017,,87,32268,308,16134,56.07,56.07,1365,1452
79,Bahamas,2018,,102,34056,310,17028,57.36,57.36,1531,1633
80,Bahamas,2019,,111,35254,322,17627,61.64,61.64,1696,1807
81,Bahrain,2010,1.8,500,12332,100,8381,29,29,,
82,Bahrain,2011,1.89,650,13315,101,10694,33.4,33.4,6082,6732
83,Bahrain,2012,1.59,1086,14298,104,11848,39,39,6381,
84,Bahrain,2013,1.55,1522,15501,106,13369,41,41,6679,
85,Bahrain,2014,1.47,1958,17949,109,13250,45,45,6978,
86,Bahrain,2015,1.75,2394,20153,111,13823,46,46,7276,9670
87,Bahrain,2016,1.69,1526,21181,116,14928,40,40,8632,10158
88,Bahrain,2017,1.98,677,23403,113,16573,44,44,10697,11374
89,Bahrain,2018,1.95,824,25712,130,18033,45,45,11221,12045
90,Bahrain,2019,2.02,895,25846,134,18660,49,49,10166,11061
91,Belarus,2010,2.69,372,26673,363,15200,45.17,79.27,5302,5674
92,Belarus,2011,2.52,413,28957,451,15907,41.45,75.45,5464,5877
93,Belarus,2012,2.47,407,28452,477,15786,43.45,78.31,5723,6130
94,Belarus,2013,2.5,376,29908,487,16613,41.39,74.51,5866,6242
95,Belarus,2014,2.54,349,35424,536,19545,34.12,61.83,5026,5375
96,Belarus,2015,2.41,281,36951,547,20157,28.74,52.68,4105,4386
97,Belarus,2016,2.25,2756,38613,584,20621,27.15,50.85,8179,10935
98,Belarus,2017,2.24,2787,38632,601,20810,28.64,53.16,8273,11060
99,Belarus,2018,2.15,2668,38444,604,20590,30.79,57.48,8833,11502
100,Belarus,2019,2.2,2893,38913,615,20585,32.25,60.96,8939,11832
101,Belgium,2010,,2407,175247,2196,70932,,,4779,7186
102,Belgium,2011,,2608,174545,2149,70531,,,4886,7494
103,Belgium,2012,,2788,176693,3216,72379,,,4772,7560
104,Belgium,2013,,2838,181231,3398,73886,,,4846,7684
105,Belgium,2014,,2842,211419,3987,79089,,,5045,7887
106,Belgium,2015,,2905,189838,3830,75378,,,5450,8355
107,Belgium,2016,,2672,190515,3953,76440,,,4810,7481
108,Belgium,2017,,2940,191254,4099,76941,,,5444,8385
109,Belgium,2018,,3070,199265,4170,78954,,,6048,9119
110,Belgium,2019,,3148,201153,4077,79469,,,6195,9343
111,Brazil,2010,,2406,629140,5696,345914,,,7918,10324
112,Brazil,2011,,2782,925598,9963,396804,,,8084,10866
113,Brazil,2012,,2862,1222056,14230,447694,,,8492,11354
114,Brazil,2013,,3046,1518515,18497,588584,,,8580,11626
115,Brazil,2014,,2816,1814974,22765,729474,,,10044,12860
116,Brazil,2015,,2548,2111433,27032,870364,,,10064,12612
117,Brazil,2016,,2448,2407892,31299,1011254,,,10644,13094
118,Brazil,2017,,2056,2704351,35566,1152144,,,11122,13178
119,Brazil,2018,,1788,3000810,39833,1293034,,,11456,13242
120,Brazil,2019,,1956,3297269,44100,1433924,,,10750,12706
121,Brunei,2010,2.14,45,3325,33,2842,33.23333333,33.23333333,169,214
122,Brunei,2011,2.15,47,3766,40,2845,33.63333333,33.63333333,195,242
123,Brunei,2012,2.16,52,4207,47,3143,34.03333333,34.03333333,157,209
124,Brunei,2013,2.17,62,4648,54,3364,34.43333333,34.43333333,163,225
125,Brunei,2014,2.18,52,5107,69,3678,34.83333333,34.83333333,149,201
126,Brunei,2015,2.19,49,5297,74,3680,35.23333333,35.23333333,169,218
127,Brunei,2016,2.2,45,6044,83,4311,35.63333333,35.63333333,174,219
128,Brunei,2017,2.21,43,6226,87,4455,37.2,37.2,216,259
129,Brunei,2018,2.33,44,6604,89,4586,34.1,34.1,234,278
130,Brunei,2019,2.34,44,7227,89,4585,38,38,290,333
131,Bulgaria,2010,3.7,934,245442,1823,111218,28.1,28.1,7440,8374
132,Bulgaria,2011,3.73,972,241665,1862,110564,20.7,20.7,7741,8713
133,Bulgaria,2012,3.71,1041,261159,1936,118752,38.7,49.6,7826,8867
134,Bulgaria,2013,3.71,1026,262196,2055,118107,39.55,52.1,8166,9192
135,Bulgaria,2014,3.7,1217,271526,2166,123274,35.31,49.4,8191,9409
136,Bulgaria,2015,3.4,1192,279100,2180,124568,37,48.7,8126,9318
137,Bulgaria,2016,3.5,1421,281869,2158,123025,41.5,55.2,9183,10604
138,Bulgaria,2017,3.52,1562,293494,2110,123420,42,57.1,10034,11596
139,Bulgaria,2018,3.47,1728,286219,2102,124148,42.3,58.1,10641,12368
140,Bulgaria,2019,3.33,1761,288027,2166,127052,42.1,57.7,10791,12552
141,Cambodia,2010,,141,67514,1527,39714,65.74,65.74,2367,2508
142,Cambodia,2011,,143,73501,1618,43236,66.15,66.15,2739,2882
143,Cambodia,2012,,168,84852,1863,49913,68.49,68.49,3416,3584
144,Cambodia,2013,,185,87079,2007,51223,69.53,69.53,4025,4210
145,Cambodia,2014,,206,88375,2117,51985,67.55,67.55,4297,4503
146,Cambodia,2015,,300,107574,2897,63279,70.2,70.2,4476,4775
147,Cambodia,2016,,342,121066,2930,72623,68.9,68.9,4670,5012
148,Cambodia,2017,,373,134201,3136,74556,71.3,71.3,5229,5602
149,Cambodia,2018,,687,142688,3083,81536,72.2,72.2,5514,6201
150,Cambodia,2019,,1371,143698,3755,84528,63.5,63.5,5239,6611
151,Canada,2010,,13576,,,,,,2412,15988
152,Canada,2011,,13552,,,,,,2463,16014
153,Canada,2012,,13855,,,,,,2489,16344
154,Canada,2013,,13430,,,,,,2553,15984
155,Canada,2014,,13758,,,,,,2688,16445
156,Canada,2015,,14735,,,,,,3124,17859
157,Canada,2016,,16210,,,,,,3612,19823
158,Canada,2017,,16793,,,,,,3783,20576
159,Canada,2018,,17439,,,,,,3519,20958
160,Canada,2019,,18261,,,,,,3784,22045
161,Cayman Is.,2010,6.25,17,14650,,4587,68.2,68.2,272,289
162,Cayman Is.,2011,6.25,18,14770,,4974,,,291,309
163,Cayman Is.,2012,6.27,20,14890,,4923,,,302,322
164,Cayman Is.,2013,6.14,20,15010,400,5248,,,325,345
165,Cayman Is.,2014,6.1,19,15130,420,5264,,,364,383
166,Cayman Is.,2015,6.26,19,14977,501,5515,,,367,385
167,Cayman Is.,2016,6.16,21,17231,532,5905,,,364,385
168,Cayman Is.,2017,6.16,24,18067,585,6196,,,395,418
169,Cayman Is.,2018,6.07,27,19957,,6780,,,436,463
170,Cayman Is.,2019,5.9,31,20830,,7098,,,472,503
171,Chile,2010,2.1,769,151163,4126,72132,26.9,39.8,2032,2801
172,Chile,2011,2,702,156605,4778,76560,27.2,42.8,2435,3137
173,Chile,2012,1.9,651,175613,4890,82088,28.3,42.6,2904,3554
174,Chile,2013,2,624,186455,5576,88150,27.9,42.2,2952,3576
175,Chile,2014,1.95,666,201536,6027,95280,27.96,41.88,3009,3674
176,Chile,2015,1.91,692,208450,6497,100203,23.88,41.01,3786,4478
177,Chile,2016,1.9,814,223343,7010,105368,24,40.2,4827,5641
178,Chile,2017,2.04,636,229770,7327,112255,27.03,40.26,5814,6450
179,Chile,2018,2.03,554,251898,8039,120487,25.58,39.79,5169,5723
180,Chile,2019,2.01,488,266835,8565,125252,23.98,37.55,4030,4518
181,China,2010,2.73,6197,2981227,13991,1709966,60.27,60.27,19930,26127
182,China,2011,2.77,6326,2586400,11676,1474900,61,61,20785,27111
183,China,2012,2.84,6280,2677400,11367,1497200,59.46,59.46,20911,27191
184,China,2013,2.71,6194,2705013,11687,1539141,55.97,55.97,20096,26290
185,China,2014,2.765,5396,2624815,11180,1497899,54,54,20965,26361
186,China,2015,2.766,5377,2593585,10550,1462454,54.19,54.19,20608,25985
187,China,2016,2.767,5797,2482841,9861,1420489,54.73,54.73,25687,31484
188,China,2017,2.768,5697,2505595,9566,1470606,55.27,55.27,37246,42943
189,China,2018,2.769,6147,2318834,8962,1365170,55.81,55.81,41804,47951
190,China,2019,2.77,6285,2077800,8920,1203800,55.18,55.18,42829,49114
191,Colombia,2010,,158,209626,5778,,50.42,50.42,1059,1217
192,Colombia,2011,,207,225064,5662,139670,51.97,51.97,1264,1471
193,Colombia,2012,,240,277930,7228,159701,53.78,53.78,1126,1365
194,Colombia,2013,,302,301138,7409,175779,52.7,52.7,1186,1487
195,Colombia,2014,,429,326264,8805,198870,52.46,52.46,1266,1695
196,Colombia,2015,,438,365520,9945,222722,53.23,53.23,1547,1985
197,Colombia,2016,,438,386213,11140,234907,55.73,55.73,1803,2241
198,Colombia,2017,,448,409072,13008,252155,56,56,2018,2466
199,Colombia,2018,,459,438889,15530,269763,56.7,56.7,2250,2709
200,Colombia,2019,,460,534157,21447,309896,57.66,57.66,2354,2814
201,Costa Rica,2010,10.6,271,,2468,43715,59.8,59.8,1829,2100
202,Costa Rica,2011,11,302,,2476,44307,63.4,63.4,1890,2192
203,Costa Rica,2012,11.6,306,,2484,45531,54.3,54.3,2037,2343
204,Costa Rica,2013,11.6,287,,2450,45928,48.7,48.7,2141,2428
205,Costa Rica,2014,12.4,347,,2421,46523,54.7,54.7,2180,2527
206,Costa Rica,2015,11.3,419,,2538,48587,54.7,54.7,2241,2660
207,Costa Rica,2016,12.1,295,,2582,49173,61.4,61.4,2631,2925
208,Costa Rica,2017,11.9,245,,2771,48238,67,67,2715,2960
209,Costa Rica,2018,11.7,285,,2884,49562,67.4,67.4,2731,3017
210,Costa Rica,2019,12.56,161,,2890,50264,66.9,66.9,2978,3139
211,Côte d'Ivoire,2010,3,101,46510,1788,23141,51.95,51.95,151,252
212,Côte d'Ivoire,2011,3,107,46510,1788,23141,53.33,53.33,163,270
213,Côte d'Ivoire,2012,3,116,46510,1788,23141,57.5,57.5,174,289
214,Côte d'Ivoire,2013,3,152,54862,1890,27431,65,65,228,380
215,Côte d'Ivoire,2014,3,198,56000,2000,28000,69.4,69.4,273,471
216,Côte d'Ivoire,2015,4,605,68000,2041,34000,70,70,836,1441
217,Côte d'Ivoire,2016,4,570,76000,2384,38000,60.23,60.23,1013,1583
218,Côte d'Ivoire,2017,3,774,78060,2531,39030,54.55,54.55,1026,1800
219,Côte d'Ivoire,2018,3,842,81496,2610,40748,58.67,58.67,1123,1965
220,Côte d'Ivoire,2019,3,886,99072,3320,49536,60.27,60.27,1185,2070
221,Croatia,2010,3.98,,151681,841,73333,34.9,34.9,,
222,Croatia,2011,3.89,,154733,857,74616,35.87,35.87,,
223,Croatia,2012,3.91,,156792,878,75363,37.28,37.28,,
224,Croatia,2013,3.79,,161957,898,77157,35.7,35.3,,
225,Croatia,2014,3.63,,161875,909,77312,35.5,36.1,,
226,Croatia,2015,3.58,,164675,938,78431,36.9,37.5,,
227,Croatia,2016,3.59,,167380,1011,79962,38.1,37.5,,
228,Croatia,2017,3.49,,166485,1037,79984,40.4,40.2,,
229,Croatia,2018,3.39,,169108,1065,81223,41.1,41.3,,
230,Croatia,2019,3.27,,171005,1089,82038,41.5,41.7,,
231,Cuba,2010,,12,103166,452,58327,52.3,52.3,2495,2507
232,Cuba,2011,,16,103224,450,58959,53.2,53.2,2672,2688
233,Cuba,2012,,17,106118,370,55439,54.4,54.4,2806,2823
234,Cuba,2013,,15,111043,356,55752,54.6,54.6,2824,2839
235,Cuba,2014,,14,111712,349,55535,57.1,57.1,2966,2981
236,Cuba,2015,,19,111419,358,55640,58.4,58.4,3488,3506
237,Cuba,2016,,23,111323,368,56063,60.7,60.7,3952,3975
238,Cuba,2017,,31,108662,350,60744,56.9,56.9,4563,4594
239,Cuba,2018,,15,104757,358,70204,49.5,49.5,4669,4684
240,Cuba,2019,,25,104962,406,78833,48.2,48.2,4238,4263
241,Cyprus,2010,5.68,150,85318,828,42040,59.5,59.87,2023,2173
242,Cyprus,2011,5.72,161,84566,814,41729,62.6,62.43,2231,2392
243,Cyprus,2012,5.76,125,84194,799,41529,64.5,64,2245,2370
244,Cyprus,2013,5.88,100,84552,790,41708,63,61.5,2263,2363
245,Cyprus,2014,5.78,115,84871,791,41849,61.6,62.7,2326,2441
246,Cyprus,2015,5.78,137,83395,778,41173,62.6,63.02,2522,2659
247,Cyprus,2016,5.62,177,83104,780,41012,71.3,69.9,3010,3187
248,Cyprus,2017,5.7,213,84565,789,41678,76.4,72.9,3439,3652
249,Cyprus,2018,5.4,238,85927,793,42196,74.4,71.2,3701,3939
250,Cyprus,2019,5.42,249,89375,813,43888,71.8,68.6,3728,3977
251,Czechia,2010,2.69,,255882,4300,113417,34.62,40.46,,
252,Czechia,2011,2.96,,261858,4612,115795,35.89,42.32,,
253,Czechia,2012,2.53,,319692,6350,137701,34.8,38.58,,
254,Czechia,2013,2.54,,317875,6301,137257,34.76,41.3,,
255,Czechia,2014,2.52,,306430,5833,132520,35.17,44.69,,
256,Czechia,2015,2.61,,314210,5992,136026,36.19,42.96,,
257,Czechia,2016,2.55,,317756,6022,137092,46.5,46.43,,
258,Czechia,2017,2.43,,317361,5967,137318,49.87,49.82,,
259,Czechia,2018,2.61,,327572,6277,141450,49.98,50.07,,
260,Czechia,2019,2.59,,328501,6236,141110,49.66,49.75,,
261,Denmark,2010,,1099,80471,479,40253,39,51,25631,26730
262,Denmark,2011,,734,85315,515,42351,40,53,25078,25812
263,Denmark,2012,,771,86619,511,42808,40,54,25632,26403
264,Denmark,2013,,789,76458,511,43032,42,55,25727,26516
265,Denmark,2014,,1104,87870,523,43715,44,57,26966,28070
266,Denmark,2015,,1171,87447,518,43853,47,61,27038,28209
267,Denmark,2016,,1124,89423,529,44819,48,62,27568,28692
268,Denmark,2017,,1471,92784,552,46302,48,62,29265,30736
269,Denmark,2018,,1535,95253,556,47541,48,62,29265,30801
270,Denmark,2019,,1526,102742,570,50824,48,62,30575,32101
271,Dominican Rep.,2010,9.22,166,200904,714,66968,66.6,66.6,3959,4125
272,Dominican Rep.,2011,8.91,159,200370,690,66790,69.3,69.3,4147,4306
273,Dominican Rep.,2012,8.52,150,198162,690,66054,70.3,70.3,4413,4563
274,Dominican Rep.,2013,8.46,155,205626,697,68542,71.7,71.7,4535,4690
275,Dominican Rep.,2014,8.37,134,208821,697,69607,74.8,74.8,5007,5141
276,Dominican Rep.,2015,8.32,115,210090,724,70030,75.5,75.5,5485,5600
277,Dominican Rep.,2016,8.54,116,225615,751,75937,78,78,5844,5959
278,Dominican Rep.,2017,8.61,107,231777,762,77201,77.1,77.1,6081,6188
279,Dominican Rep.,2018,8.37,135,241578,876,83526,77.5,77.5,6434,6569
280,Dominican Rep.,2019,8.52,123,244228,887,85694,71.6,71.6,6324,6446
281,Ecuador,2010,,259,130865,2709,59190,,,788,1047
282,Ecuador,2011,,283,137780,2925,61524,,,858,1141
283,Ecuador,2012,,256,146480,3166,64653,,,1016,1272
284,Ecuador,2013,,169,157591,3423,69628,,,1195,1364
285,Ecuador,2014,,69,163469,3750,72958,,,1626,1695
286,Ecuador,2015,,66,175357,4058,77757,,,1610,1676
287,Ecuador,2016,,113,165263,3681,72013,,,1456,1569
288,Ecuador,2017,,241,169967,3639,74034,,,1565,1806
289,Ecuador,2018,,278,180617,4130,80626,,,2258,2535
290,Ecuador,2019,,311,183236,4191,82484,,,1796,2108
291,Egypt,2010,10,126,451184,1473,225592,70,70,13924,14050
292,Egypt,2011,11.6,86,418222,1319,209111,45,45,9411,9497
293,Egypt,2012,12,101,412108,1267,206054,40,40,11095,11196
294,Egypt,2013,10,149,399478,1219,199739,30.6,30.6,9025,9174
295,Egypt,2014,10,144,399506,1261,199753,30.9,30.9,9484,9628
296,Egypt,2015,9,82,412108,1267,206054,31,31,9057,9139
297,Egypt,2016,6.1,47,405636,1239,202818,31,31,5211,5258
298,Egypt,2017,7.78,73,423356,1244,211678,51.2,51.2,8083,8157
299,Egypt,2018,11.62,101,414774,1243,207387,55.7,55.7,11095,11196
300,Egypt,2019,10.46,116,404862,1205,202431,62.2,62.2,12760,12876
301,El Salvador,2010,5.8,165,14061,394,8298,63.78,63.78,985,1150
302,El Salvador,2011,5.4,143,14286,402,8373,65.33,65.33,1041,1184
303,El Salvador,2012,6,155,15862,408,8805,66.3,66.3,1100,1255
304,El Salvador,2013,6.5,146,15862,408,8805,69.73,69.73,1136,1283
305,El Salvador,2014,7.1,158,16660,465,9261,65.06,65.06,1188,1345
306,El Salvador,2015,6.8,165,16660,465,9261,65.67,65.67,1236,1402
307,El Salvador,2016,6.2,202,16660,465,9261,62,62,1231,1434
308,El Salvador,2017,6.2,137,16740,578,9518,63,63,1419,1556
309,El Salvador,2018,7.5,153,16740,578,9518,61,61,1525,1677
310,El Salvador,2019,8.8,112,16740,578,9518,58,58,1653,1766
311,Estonia,2010,1.92,,30324,375,14719,36.39,43.21,,
312,Estonia,2011,1.94,,31349,374,15132,40.16,46.91,,
313,Estonia,2012,1.9,,31590,390,15088,45.12,51.88,,
314,Estonia,2013,1.86,,31989,404,15321,44.86,51.76,,
315,Estonia,2014,1.82,,32437,410,15624,43.94,51.18,,
316,Estonia,2015,1.79,,32620,414,15474,44.49,52.48,,
317,Estonia,2016,1.79,,32404,413,15535,47.2,54.23,,
318,Estonia,2017,1.77,,34147,424,16208,47.66,54.99,,
319,Estonia,2018,1.77,,34108,418,16084,47.4,55.98,,
320,Estonia,2019,1.77,,35909,450,17017,48,56,,
321,Finland,2010,1.79,1481,119395,841,54903,38.8,49.9,4701,6182
322,Finland,2011,1.77,1656,122182,830,55892,39.8,51.4,5604,7260
323,Finland,2012,1.77,1776,123979,839,57009,40.03,51.29,5860,7636
324,Finland,2013,1.76,1932.666667,123655,828,56566,38.97,50.03,6547.333333,8480
325,Finland,2014,1.75,2080.166667,123305,785,56688,38.25,50.28,7126.833333,9207
326,Finland,2015,1.74,2227.666667,122855,777,56723,38.92,51.13,7706.333333,9934
327,Finland,2016,1.73,2375.166667,124333,772,56982,40.25,52.9,8285.833333,10661
328,Finland,2017,1.74,2522.666667,129487,787,59104,41.5,54.76,8865.333333,11388
329,Finland,2018,1.74,2670.166667,132740,788,59882,41.14,54.28,9444.833333,12115
330,Finland,2019,1.74,2817.666667,133515,794,60444,41.99,55.04,10024.33333,12842
331,France,2010,1.82,9703,1223218,17070,611609,59.38,59.38,66944,76647
332,France,2011,1.82,11120,1229368,17000,614684,60.99,60.99,69378,80499
333,France,2012,1.82,10179,1238644,17171,619322,60.26,60.26,71801,81980
334,France,2013,1.81,10179,1277774,17370,638887,59.63,59.63,73455,83634
335,France,2014,1.79,11773,1307756,18358,653878,59.05,59.05,71929,83701
336,France,2015,1.78,11847,1291190,18205,645595,58.95,58.95,72605,84452
337,France,2016,1.76,11663,1297742,18172,648871,58.17,58.17,71020,82683
338,France,2017,1.76,11842,1282530,17840,641265,60.94,60.94,74916,86758
339,France,2018,1.77,11064,1308956,17960,654478,62.2,62.2,78258,89322
340,France,2019,1.8,11261,1315642,17733,657821,62.37,62.37,79653,90914
341,Georgia,2010,4,392.6,21086,462,10564,24,24,1544.9,
342,Georgia,2011,4,418.2,25833,616,12901,23.12,23.12,2152.6,
343,Georgia,2012,4,443.8,33029,777,14463,29.21,29.21,2760.3,
344,Georgia,2013,5,469.4,32165,836,15351,24.5,24.5,3368,
345,Georgia,2014,4,495,38425,986,18248,23.51,23.51,3975.7,
346,Georgia,2015,4,534,48457,1225,23097,57,57,4722,5256
347,Georgia,2016,4,546,61415,1496,28437,57,57,4847,5393
348,Georgia,2017,,532,66954,1595,30657,62.1,62.1,5951,6483
349,Georgia,2018,,624,72621,1639,33186,63.3,63.3,6580,7203
350,Georgia,2019,,832,76298,1682,35101,56.7,56.7,6894,7726
351,Germany,2010,2.14,,1784161,36056,940484,37.27,37.27,,
352,Germany,2011,2.12,,1813153,35766,952330,38.6,38.6,,
353,Germany,2012,2.13,,1817567,34696,948825,39.9,57.1,,
354,Germany,2013,2.12,,1827060,34116,950216,40.67,57.9,,
355,Germany,2014,2.12,,1832167,33512,949900,41.94,59.1,,
356,Germany,2015,2.1,,1908880,33084,953889,43.11,60.2,,
357,Germany,2016,2.1,,1909656,32433,953110,44.01,61.8,,
358,Germany,2017,2.1,,1925910,32198,963690,44.94,62.1,,
359,Germany,2018,2.1,,1911311,31842,976515,45.44,62.7,,
360,Germany,2019,2.1,,1959076,31615,993298,45.9,63,,
361,Greece,2010,4.11,,763407,9732,397660,48.1,48.1,,
362,Greece,2011,4.23,,763668,9648,397322,48.3,48.3,,
363,Greece,2012,4.35,,771271,9670,400433,43.2,43.2,,
364,Greece,2013,4.43,,773445,9677,401196,45.2,45.2,,
365,Greece,2014,4.44,,780721,9745,404779,47.3,47.3,,
366,Greece,2015,4.39,,784315,9757,406200,49.1,49.1,,
367,Greece,2016,4.4,,788553,9730,407146,50.1,50.1,,
368,Greece,2017,4.37,,806045,9783,414127,51.9,51.9,,
369,Greece,2018,4.26,,835773,9873,425973,50.6,50.6,,
370,Greece,2019,4.2,,856347,9971,433689,48.7,48.7,,
371,Guatemala,2010,,282,110681,2620,43876,47.01,47.01,1101,1384
372,Guatemala,2011,,283,114691,2689,44821,48.32,48.32,1151,1434
373,Guatemala,2012,,295,115663,2690,45185,52.2,52.2,1196,1491
374,Guatemala,2013,,299,119778,2778,46797,55.06,55.06,1217,1516
375,Guatemala,2014,,337,115447,2625,44056,57.04,57.04,1402,1739
376,Guatemala,2015,,395,120020,2718,45228,58.63,58.63,1470,1865
377,Guatemala,2016,,237,136792,3135,51883,61.9,61.9,1669,1906
378,Guatemala,2017,,302,142640,3221,53754,62.3,62.3,1812,2113
379,Guatemala,2018,,339,149918,3315,55735,63.11,63.11,2067,2406
380,Guatemala,2019,,356,153331,3379,56996,63.43,63.43,2203,2560
381,Honduras,2010,,236,,963.7142857,16570.57143,,,626,862
382,Honduras,2011,,210,,989.1428571,17512.71429,,,661,871
383,Honduras,2012,,248,,1014.571429,18454.85714,,,647,895
384,Honduras,2013,,179,,1040,19397,,,683,862
385,Honduras,2014,,211,,1071,20106,,,657,868
386,Honduras,2015,,183,,1091,20344,,,697,880
387,Honduras,2016,,159,,1081,23097,,,678,838
388,Honduras,2017,,159,,1175,24282,,,691,850
389,Honduras,2018,,143,,1178,24169,,,704,847
390,Honduras,2019,,103,,1178,24169,,,622,724
391,Hong Kong,2010,,3424,,794,66354,87,87,16661,20085
392,Hong Kong,2011,,3563,,1079,70925,89,89,18753,22316
393,Hong Kong,2012,,3585,,1179,76125,89,89,20185,23770
394,Hong Kong,2013,,3567,,1299,79599,89,89,22094,25661
395,Hong Kong,2014,,3830,,1449,83435,90,90,23940,27770
396,Hong Kong,2015,,3996,,1609,85558,86,86,22690,26686
397,Hong Kong,2016,,4041,,1727,87306,87,87,22511,26553
398,Hong Kong,2017,,3949,,1746,91206,89,89,23935,27884
399,Hong Kong,2018,,3937,,1798,93991,91,91,25326,29263
400,Hong Kong,2019,,3033,,1823,96791,79,79,20719,23752
401,Hungary,2010,2.62,1635,161430,2036,69151,31,40.2,38269,39904
402,Hungary,2011,2.47,1422,170439,2155,70670,30.8,41.7,39882,41304
403,Hungary,2012,2.6,1390,170592,2094,70252,24.7,39.4,42175,43565
404,Hungary,2013,2.59,1327,173156,2064,71041,26.6,42,42283,43610
405,Hungary,2014,2.53,1204,173914,2123,71486,35,47.8,44780,45984
406,Hungary,2015,2.39,1329,177182,2185,72319,36.3,49.8,47016,48345
407,Hungary,2016,2.39,1304,181407,2202,73785,38.3,52,51585,52889
408,Hungary,2017,2.41,1190,181240,2184,73736,40.6,55,53772,54962
409,Hungary,2018,2.37,1270,183557,2357,74956,41.5,56.3,56397,57667
410,Hungary,2019,2.34,1642,184090,2324,75013,41.9,56.8,59755,61397
411,Iceland,2010,1.8,,19920,326,9437,36.8,43.5,,
412,Iceland,2011,1.74,,20956,343,9996,36.8,45.9,,
413,Iceland,2012,1.78,,21884,329,10405,37,45.4,,
414,Iceland,2013,1.77,,23512,357,11248,40.8,50.1,,
415,Iceland,2014,1.74,,25210,373,12137,43.5,51.9,,
416,Iceland,2015,1.71,,28037,397,13506,48.8,57.6,,
417,Iceland,2016,1.72,,30814,397,14026,54.9,65.2,,
418,Iceland,2017,1.68,,30741,404,14530,55.6,66,,
419,Iceland,2018,1.64,,32321,420,15276,54.66,62.2,,
420,Iceland,2019,1.62,,34177,444,15916,50.93,59.75,,
421,India,2010,,861,257542,2716,128771,,,4915,5776
422,India,2011,,1419,,,,,,4890,6309
423,India,2012,,1480,153134,1376,76567,,,5098,6578
424,India,2013,,1693,150706,1257,75353,,,5275,6968
425,India,2014,,1144,159134,1233,79567,,,6535,7679
426,India,2015,,1379,162022,1394,81011,,,6195,7572
427,India,2016,,1372,208578,1903,104289,,,7433,8804
428,India,2017,,1365,226022,2180,113011,,,8671,10036
429,India,2018,,1719,250744,2515,125372,,,8839,10558
430,India,2019,,1606,275466,2850,137733,,,9325,10930
431,Indonesia,2010,1.93,2570,542640,14587,353138,58.63,48.86,4433,7003
432,Indonesia,2011,1.99,2746,584207,15283,381457,64.4,51.25,4904,7650
433,Indonesia,2012,1.93,2784,627754,15998,405778,62.72,51.55,5260,8044
434,Indonesia,2013,1.98,3081,664843,16685,430793,65.59,52.5,5721,8802
435,Indonesia,2014,2.15,3163,706436,17484,469277,65.67,53.04,6273,9435
436,Indonesia,2015,1.94,3474,744233,18353,507201,61.2,51.84,6933,10407
437,Indonesia,2016,1.82,3864,775243,18829,527176,60.7,50.89,7656,11519
438,Indonesia,2017,1.91,3068,1027656,26104,703689,63.98,56.69,10972,14040
439,Indonesia,2018,1.98,3455,1044312,28230,650163,68.61,58.75,12356,15810
440,Indonesia,2019,1.72,3519,1183497,29243,776025,65.07,54.81,12588,16107
441,"Iran, Islamic Rep.",2010,,16,195391,2979,77493,,,4926,4942
442,"Iran, Islamic Rep.",2011,,16,221003,3274,81842,,,4926,4942
443,"Iran, Islamic Rep.",2012,,16,223266,3280,83656,,,4926,4942
444,"Iran, Islamic Rep.",2013,,16,219505,3280,82738,,,4926,4942
445,"Iran, Islamic Rep.",2014,,16,229845,3342,83952,,,4926,4942
446,"Iran, Islamic Rep.",2015,,16,239228,3346,89077,,,4926,4942
447,"Iran, Islamic Rep.",2016,,16,247101,5079,91877,,,4926,4942
448,"Iran, Islamic Rep.",2017,,16,298357,6900,122454,,,4926,4942
449,"Iran, Islamic Rep.",2018,,16,323563,8409,133508,,,4926,4942
450,"Iran, Islamic Rep.",2019,,16,335357,9071,139105,,,4926,4942
451,Ireland,2010,,1018,151715,2964,73274,41,56,6115,7133
452,Ireland,2011,,1082,166961,2845,70833,42,57,6548,7630
453,Ireland,2012,,1140,161165,2726,68869,44,60,6411,7551
454,Ireland,2013,,1220,157284,2607,67377,45,61,7039,8259
455,Ireland,2014,,1301,151273,2488,65519,47,63,7513,8814
456,Ireland,2015,,1378,150083,2369,64635,53,70,8149,9527
457,Ireland,2016,,1395,148965,2250,64419,55,72,8705,10100
458,Ireland,2017,,1401,160178,2141,65370,60,73,8937,10338
459,Ireland,2018,,1358,158511,1992,64532,54,72,9568,10926
460,Ireland,2019,,1464,162190,1903,66183,56,73,9487,10951
461,Israel,2010,2.72,348,112837,332,46993,56.5,66.4,2455,2803
462,Israel,2011,2.72,395,113411,338,47443,56.1,65.8,2425,2820
463,Israel,2012,2.72,433,114162,342,47796,56.4,65.7,2453,2886
464,Israel,2013,2.6,355,115909,357,48454,56.6,65.7,2606,2961
465,Israel,2014,2.54,378,120440,366,49654,53.5,62.6,2549,2927
466,Israel,2015,2.51,364,123793,374,50358,51.7,61.4,2435,2799
467,Israel,2016,2.5,325,126798,388,51428,52,62.4,2575,2900
468,Israel,2017,2.4,405,131274,407,52867,54.7,66.6,3209,3613
469,Israel,2018,2.4,412,136022,419,54400,55,68,3709,4121
470,Israel,2019,2.36,451,139330,429,55402,55.4,69.5,4101,4552
471,Italy,2010,3.16,13530,2253342,33999,1095332,38.2,38.2,59695,73225
472,Italy,2011,3.13,13908,2253003,33918,1096540,40.2,40.2,61958,75866
473,Italy,2012,3.09,14522,2250704,33728,1093286,40.9,42.8,61770,76292
474,Italy,2013,3.08,14186,2233823,33316,1089770,37.6,39.7,62576,76762
475,Italy,2014,3.03,13636,2241239,33290,1090300,40.6,41.9,64058,77694
476,Italy,2015,2.95,13321,2250718,33199,1091569,42.5,44.9,67747,81068
477,Italy,2016,2.97,14649,2248225,33166,1091061,43.7,45.1,70275,84924
478,Italy,2017,2.93,14537,2239446,32988,1086910,46.1,49.6,75394,89931
479,Italy,2018,2.89,14378,2260190,32896,1091180,48.25,53.5,78851,93229
480,Italy,2019,2.87,14875,2260490,32730,1092758,49,54.6,80524,95399
481,Jamaica,2010,6.9,103,50690,884,24667,58.5,60.5,1819,1922
482,Jamaica,2011,6.9,106,50743,886,24430,59.5,60.5,1846,1952
483,Jamaica,2012,6.8,100,51332,887,24735,61.7,62.3,1886,1986
484,Jamaica,2013,6.85,96,49705,919,24067,66.1,67.9,1912,2008
485,Jamaica,2014,6.88,97,49783,921,24140,68.3,68.1,1983,2080
486,Jamaica,2015,6.87,101,52288,974,25464,68.5,69,2022,2123
487,Jamaica,2016,6.87,98,55650,1089,27328,63.3,64.1,2083,2182
488,Jamaica,2017,6.6,92,57973,1140,28689,64.3,64.9,2261,2353
489,Jamaica,2018,6.2,92,59196,1084,29635,65.1,66.9,2381,2473
490,Jamaica,2019,6.11,94,60073,1090,29634,66.6,64.2,2587,2681
491,Japan,2010,1.29,1395,3270638,54628,1350872,34.6,51.7,7217,8612
492,Japan,2011,1.34,1244,3332677,52721,1388479,34.3,51.8,4975,6219
493,Japan,2012,1.32,1443,3307957,50917,1366566,36.4,54.8,6915,8358
494,Japan,2013,1.33,1465,3516309,51155,1427107,36.3,55.2,8899,10364
495,Japan,2014,1.33,1537,3450175,50125,1404954,37.6,57.4,11876,13413
496,Japan,2015,1.33,1641,3474963,49979,1419996,39.74,60.33,18096,19737
497,Japan,2016,1.32,1702,3441401,49230,1388076,39.1,59.7,22338,24040
498,Japan,2017,1.32,1783,3481685,50678,1423874,40.1,60.5,26908,28691
499,Japan,2018,1.33,1795,3612688,53720,1491825,40.8,61.2,29397,31192
500,Japan,2019,1.34,1757,3905889,57902,1631643,41.8,62.7,30125,31882
501,Jordan,2010,2,299,44619,472,23289,40.9,48,3908,4207
502,Jordan,2011,2,281,45059,474,23578,34.5,41,3679,3960
503,Jordan,2012,2.4,296,45533,478,23881,44.7,50.3,3866,4162
504,Jordan,2013,2,298,49157,506,25785,36,44,3647,3945
505,Jordan,2014,2,255,50031,517,26221,38,43.9,3735,3990
506,Jordan,2015,2.08,267,51092,539,26812,31.3,38.4,3494,3761
507,Jordan,2016,2.08,453,51975,554,27308,42.7,42.2,3111,3564
508,Jordan,2017,2.08,488,52535,563,32550,34.8,39.4,3352,3840
509,Jordan,2018,2.08,527,54050,565,33802,45.2,44.2,3619,4146
510,Jordan,2019,2.08,570,54574,577,34169,44.76,40.75,3914,4484
511,Kazakhstan,2010,,1188,76053,1494,34353,20.3,20.3,2909,4097
512,Kazakhstan,2011,,239,81015,1494,37368,24,24,5446,5685
513,Kazakhstan,2012,,277,83103,1526,37786,32.9,32.9,5887,6164
514,Kazakhstan,2013,,1096,92053,1678,41197,27.4,27.4,5745,6841
515,Kazakhstan,2014,,1179,109094,2056,49128,23.1,23.1,5154,6333
516,Kazakhstan,2015,,1045,118355,2338,53126,22.8,22.8,5385,6430
517,Kazakhstan,2016,,1097,138062,2754,60427,22.7,22.7,5413,6509
518,Kazakhstan,2017,,1187,152601,2987,65791,25,25,6515,7701
519,Kazakhstan,2018,,1223,168603,3322,71858,23.2,23.2,7566,8789
520,Kazakhstan,2019,,1453,181201,3592,75913,23.7,27,7062,8515
521,Kenya,2010,13.4,266,47019,,27918,38.8,43,1343,1609
522,Kenya,2011,13.42,310,,,,40.3,45.4,1513,1823
523,Kenya,2012,13.22,291,,,,36.4,42.3,1420,1711
524,Kenya,2013,13.23,259,,,,36.1,42,1261,1520
525,Kenya,2014,12.93,229,,,,31.6,38.1,1122,1350
526,Kenya,2015,13.2,159,,,,29.1,37.2,1022,1181
527,Kenya,2016,13.2,180,,,,30.3,34.4,1160,1340
528,Kenya,2017,13,199,,,,31.2,31.5,1250,1449
529,Kenya,2018,,,,,,32.5,32.5,,
530,Kenya,2019,,,,,,30.8,33.9,,
531,Kuwait,2010,,9,14660,89,8364,,,198,207
532,Kuwait,2011,,10,14576,88,8311,,,259,269
533,Kuwait,2012,,11,15001,92,8814,,,289,300
534,Kuwait,2013,,43,15365,93,8573,,,263,307
535,Kuwait,2014,,10,14293,86,8338,,,188,198
536,Kuwait,2015,,52,12810,84,6554,,,130,182
537,Kuwait,2016,,45,13666,90,7834,,,158,203
538,Kuwait,2017,,45,14075,90,7868,,,138,183
539,Kuwait,2018,,44,14218,85,7503,,,156,200
540,Kuwait,2019,,37,14119,84,7503,,,116,153
541,Kyrgyzstan,2010,,,5050,157,2943,11,11,,
542,Kyrgyzstan,2011,,,4911,149,2875,14,14,,
543,Kyrgyzstan,2012,,,4544,147,2824,19,19,,
544,Kyrgyzstan,2013,,,4615,146,2851,21,21,,
545,Kyrgyzstan,2014,,,4900,171,3084,15.6,15.6,,
546,Kyrgyzstan,2015,,,7200,199,3951,14.2,14.2,,
547,Kyrgyzstan,2016,,,7600,192,4062,15.6,15.6,,
548,Kyrgyzstan,2017,,,7700,196,4229,14.2,14.2,,
549,Kyrgyzstan,2018,,,7600,194,4588,17.6,17.6,,
550,Kyrgyzstan,2019,,,8922,207,4322,16.4,16.4,,
551,Laos,2010,,452,42014,1870,30284,54,54,2061,2513
552,Laos,2011,,133,43274,1926,32960,56,56,2591,2724
553,Laos,2012,,249,47412,2030,35857,57,57,3081,3330
554,Laos,2013,,329,52301,2359,39782,55,55,3450,3779
555,Laos,2014,,258,55754,2426,44714,54,54,3901,4159
556,Laos,2015,,276,57642,2449,48386,57,57,4408,4684
557,Laos,2016,,466,60568,2527,46513,51,51,3773,4239
558,Laos,2017,,623,66246,2734,50600,54,54,3246,3869
559,Laos,2018,,490,74526,3102,56825,53,53,3697,4186
560,Laos,2019,,690,73339,2920,55541,54,54,4101,4791
561,Latvia,2010,2.1,707,27389,495,13026,24.6,24.6,4335,5042
562,Latvia,2011,2,797,27067,497,13176,30.4,35,4741,5538
563,Latvia,2012,2.2,750,27474,489,13404,34.6,39.7,4819,5569
564,Latvia,2013,2.1,715,26004,441,12637,38.8,44.4,5106,5822
565,Latvia,2014,1.89,743,26943,444,13025,40.9,46.5,5503,6246
566,Latvia,2015,1.81,819,24109,306,11970,37.7,44.1,6023,6842
567,Latvia,2016,1.92,708,25276,316,12425,38.4,44,6089,6797
568,Latvia,2017,1.8,762,25345,322,12417,40.7,46,6964,7726
569,Latvia,2018,1.77,694,25501,318,12543,44.6,49.9,7081,7775
570,Latvia,2019,1.8,711,26511,321,13020,47.89,53.14,7632,8342
571,Lithuania,2010,1.95,455,24302,381,12068,28.1,36.9,1052,1507
572,Lithuania,2011,1.99,527,26114,379,12622,33.9,44.5,1248,1775
573,Lithuania,2012,1.99,547,27453,397,13248,35.4,45.5,1352,1899
574,Lithuania,2013,1.97,577,27793,414,13468,36.8,47.9,1435,2012
575,Lithuania,2014,1.93,610,28459,421,13788,37.1,48.7,1453,2063
576,Lithuania,2015,1.9,616,28585,418,13839,36.8,49.3,1455,2071
577,Lithuania,2016,1.91,639,28665,420,13925,39,51,1657,2296
578,Lithuania,2017,1.91,716,28930,411,13965,40.8,53.7,1807,2523
579,Lithuania,2018,1.91,788,30900,387,14944,42.7,55.2,2036,2825
580,Lithuania,2019,1.85,728,39689,494,18140,44,55.9,2147,2875
581,Luxembourg,2010,1.83,,15353,259,8387,24.7,26.2,666,790
582,Luxembourg,2011,1.93,157,15388,260,8393,27.08,36.62,713,870
583,Luxembourg,2012,1.9,190,15345,252,8206,30.6,41.13,760,950
584,Luxembourg,2013,1.89,200,15012,244,7837,31.82,43.25,744,945
585,Luxembourg,2014,1.88,239,14718,237,7778,35.31,46.89,799,1038
586,Luxembourg,2015,1.85,246,14493,235,7635,36.33,47.12,844,1090
587,Luxembourg,2016,1.91,253,16205,231,7645,30.9,42.7,889,1142
588,Luxembourg,2017,1.88,260,15726,229,7633,31.42,45.81,934,1194
589,Luxembourg,2018,1.9,267,15446,227,7484,31.33,45.38,979,1246
590,Luxembourg,2019,1.84,274,15432,228,7497,30.87,42.87,1024,1298
591,Macao,2010,1.54,,48386,91,20091,66.08,79.83,,
592,Macao,2011,1.53,,54666,95,22356,65.85,84.12,,
593,Macao,2012,1.4,,66577,100,26069,57.22,83.6,,
594,Macao,2013,1.4,,72199,100,27764,54.65,83.12,,
595,Macao,2014,1.44,,72492,99,27904,56.06,86.46,,
596,Macao,2015,1.48,,84814,107,32300,53.27,81.54,,
597,Macao,2016,1.43,,96706,109,36278,51.25,83.31,,
598,Macao,2017,1.48,,97165,113,36682,52.7,87.17,,
599,Macao,2018,1.52,,103272,116,38809,54.76,91.05,,
600,Macao,2019,1.53,,101243,122,38272,55.11,90.81,,
601,Malaysia,2010,,,,2367,168497,59.3,59.3,,
602,Malaysia,2011,,,,2707,193340,60.6,60.6,,
603,Malaysia,2012,,,,2724,195445,62.4,62.4,,
604,Malaysia,2013,,,,3094,209527,62.6,62.6,,
605,Malaysia,2014,,,,4072,262021,63.6,63.6,,
606,Malaysia,2015,,,,4799,304721,61.9,61.9,,
607,Malaysia,2016,,,,4961,321972,60.9,60.9,,
608,Malaysia,2017,,,,4512,292293,60.6,60.6,,
609,Malaysia,2018,,,,4750,308207,60.8,60.8,,
610,Malaysia,2019,,,,5382,340547,58.8,58.8,,
611,Malta,2010,7.3,118,38880,194,17968,53.99,53.99,1221,1339
612,Malta,2011,7.2,118,38286,191,17723,56.03,56.03,1297,1415
613,Malta,2012,7.3,115,37946,193,17791,58.11,58.11,1328,1443
614,Malta,2013,7.3,118,37814,196,18420,62.5,62.5,1464,1582
615,Malta,2014,7,130,38779,197,17875,62.6,62.6,1560,1690
616,Malta,2015,7.9,127,39204,203,18412,63.5,63.5,1657,1783
617,Malta,2016,7.6,137,39711,205,18663,63.7,63.7,1829,1966
618,Malta,2017,6.2,181,38988,220,18785,65.6,65.6,2093,2274
619,Malta,2018,6.1,180,38158,234,19057,67.6,67.6,2418,2599
620,Malta,2019,5.9,189,39457,260,20133,65.7,65.7,2564,2753
621,Mexico,2010,3.85,809,1276988,16875,638494,48.64,48.64,22480,23289
622,Mexico,2011,3.88,835,1302320,17294,651160,50.03,50.03,22568,23403
623,Mexico,2012,4,931,1321092,17669,660546,54.1,54.1,22472,23403
624,Mexico,2013,4.14,1064,1344592,18199,672296,51.7,51.7,23087,24151
625,Mexico,2014,3.72,1254,1384702,18711,692351,53.28,53.28,28092,29346
626,Mexico,2015,3.95,1391,1473024,20038,736512,55.94,55.94,30702,32093
627,Mexico,2016,3.69,1628,1538270,21085,769135,56.67,56.67,33451,35079
628,Mexico,2017,3.49,1936,1589204,21967,794602,56.68,56.68,37355,39291
629,Mexico,2018,3.44,2002,1616320,22560,808160,56.89,56.89,39310,41313
630,Mexico,2019,3.36,1891,1672642,23699,836321,56.47,56.47,43134,45024
631,Montenegro,2010,,,34630,260,15022,22.02,22.02,,
632,Montenegro,2011,,,35319,275,15470,16.86,16.86,,
633,Montenegro,2012,,,35557,293,15508,16.91,16.91,,
634,Montenegro,2013,,,34935,293,15548,17.21,17.21,,
635,Montenegro,2014,,,34560,287,15137,16.43,16.43,,
636,Montenegro,2015,,,34560,287,15137,16.43,16.43,,
637,Montenegro,2016,,,37293,314,16234,18.47,18.47,,
638,Montenegro,2017,,,39183,336,16717,24.19,24.19,,
639,Montenegro,2018,,,39697,345,16939,26.07,26.07,,
640,Montenegro,2019,,,41091,360,18111,26.25,26.25,,
641,Morocco,2010,7.7,397,181894,2184,84858,35,43,8891,9288
642,Morocco,2011,6.4,259,187874,2253,87801,31,40,9083,9342
643,Morocco,2012,3,,200091,2675,93727,31,40,,
644,Morocco,2013,3,499,211974,2961,98882,34,43,9547,10046
645,Morocco,2014,3,517,223050,3202,105828,35,44,9766,10283
646,Morocco,2015,2.9,750,231410,3522,110031,32,40,9426,10177
647,Morocco,2016,2.9,746,242469,3707,114997,32,40,9586,10332
648,Morocco,2017,2.85,1263,251234,3904,118934,35,43,10086,11349
649,Morocco,2018,2.79,1346,261866,4073,123814,38,46,10943,12289
650,Morocco,2019,3.1,1417,269553,4229,127653,39,48,11516,12932
651,Myanmar,2010,,57,44746,682,22373,,,735,792
652,Myanmar,2011,,83,50004,729,25002,,,733,816
653,Myanmar,2012,,131,56582,787,28291,,,928,1059
654,Myanmar,2013,,171,69668,923,34834,,,1873,2044
655,Myanmar,2014,,215,86486,1106,43243,,,2867,3081
656,Myanmar,2015,,213,99892,1279,49946,,,4468,4681
657,Myanmar,2016,,245,112858,1370,56429,,,2662,2907
658,Myanmar,2017,,242,127956,1590,63978,,,3201,3443
659,Myanmar,2018,,249,136334,1704,68167,,,3302,3551
660,Myanmar,2019,,282,159710,1984,79855,,,4082,4364
661,Netherlands,2010,1.76,,211772,3172,103246,44.44,44.44,,
662,Netherlands,2011,1.74,,213932,3194,104704,45.18,45.18,,
663,Netherlands,2012,1.73,,216824,3155,105940,45.49,45.49,,
664,Netherlands,2013,1.74,,244145,3510,113813,41.96,41.96,,
665,Netherlands,2014,1.72,,252115,3561,117917,44,44,,
666,Netherlands,2015,1.72,,254589,3525,118121,45,45,,
667,Netherlands,2016,1.73,,261164,3585,121021,48,48,,
668,Netherlands,2017,1.71,,270098,3636,124049,50,50,,
669,Netherlands,2018,1.74,,286069,3760,131903,50,50,,
670,Netherlands,2019,1.78,,303713,3806,138546,50,50,,
671,New Zealand,2010,1.9,363,,2893,90888,48.8,48.8,2148,2511
672,New Zealand,2011,1.9,358,,2826,86835,50.4,50.4,2236,2594
673,New Zealand,2012,1.9,353,,2797,87695,48.9,48.9,2202,2555
674,New Zealand,2013,1.9,368,,2806,88791,50.9,50.9,2342,2710
675,New Zealand,2014,2,378,,2771,88914,53.2,53.2,2476,2854
676,New Zealand,2015,1.9,399,,2756,89057,55.2,55.2,2731,3130
677,New Zealand,2016,1.9,422,,2675,87739,57.8,57.8,3073,3494
678,New Zealand,2017,1.9,439,,2656,88757,59,59,3284,3723
679,New Zealand,2018,1.9,446,,2651,90723,59,59,3411,3858
680,New Zealand,2019,,499,,,,,,3390,3888
681,Norway,2010,1.64,1064,175466,1128,78436,34.8,50.9,3703,4767
682,Norway,2011,1.6,1096,178203,1115,80150,35.6,52.4,3867,4963
683,Norway,2012,1.6,1128,186675,1102,81923,35.4,52.6,4031,5159
684,Norway,2013,1.56,1160,186338,1201,84341,35.1,52.4,4195,5355
685,Norway,2014,1.61,1192,185437,1145,84810,35.7,52.9,4359,5551
686,Norway,2015,1.62,1224,184720,1086,85063,37.4,53.7,4523,5747
687,Norway,2016,1.59,1256,188842,1113,87912,38.5,54.5,4687,5943
688,Norway,2017,1.57,1288,189327,1067,88062,40,56,4851,6139
689,Norway,2018,1.63,1320,202625,1031,89815,38.7,55.3,5015,6335
690,Norway,2019,1.64,1352,209151,1103,94780,38.8,55.8,5179,6531
691,Oman,2010,,229,17492,226,11183,51.01,51.01,1271,1500
692,Oman,2011,,230,18654,235,11753,43.38,43.38,1163,1393
693,Oman,2012,,321,19099,248,12352,45.79,45.79,1393,1714
694,Oman,2013,,360,20386,266,13603,47.72,47.72,1562,1923
695,Oman,2014,,404,22461,286,14815,49.24,49.24,1822,2225
696,Oman,2015,,484,25966,318,16691,46.91,46.91,2150,2634
697,Oman,2016,,560,28606,340,18420,47.3,47.3,2647,3207
698,Oman,2017,,547,30489,359,19520,45.24,45.24,2631,3178
699,Oman,2018,,350,31788,412,22182,38.42,38.42,2892,3242
700,Oman,2019,,411,33630,491,25139,37.36,37.36,3095,3506
701,Panama,2010,2.5,422,37788,473,18894,66.96,66.96,674,1096
702,Panama,2011,2.4,465,40538,533,20539,64.71,64.71,744,1209
703,Panama,2012,2.6,519,45538,580,22768,58.88,58.88,830,1349
704,Panama,2013,2.7,160,47144,593,23572,56.7,56.7,1367,1527
705,Panama,2014,2.5,179,48660,618,24330,56,56,1431,1610
706,Panama,2015,2.6,84,55984,651,27992,52.3,52.3,1857,1941
707,Panama,2016,3.3,68,59600,721,29800,47.36,47.36,1789,1857
708,Panama,2017,3.5,227,63162,788,31581,47.09,47.09,1524,1751
709,Panama,2018,3.7,223,65442,871,32721,44.9,44.9,1533,1756
710,Panama,2019,8,225,67544,946,33772,44.7,44.7,1530,1755
711,Paraguay,2010,3,97,17278,320,8397,50,50,368,465
712,Paraguay,2011,3,110,22144,470,11085,55,55,414,524
713,Paraguay,2012,3.5,122,23896,563,12120,60,60,457,579
714,Paraguay,2013,3.5,128,25281,616,12764,60,60,482,610
715,Paraguay,2014,3.5,136,28283,721,13820,60,60,513,649
716,Paraguay,2015,3.5,255,31669,818,15003,60,60,960,1215
717,Paraguay,2016,3.5,275,32791,848,15578,60,60,1034,1308
718,Paraguay,2017,3.5,333,33813,905,15896,60,60,1251,1584
719,Paraguay,2018,3.5,224,35238,970,16576,60,60,957,1181
720,Paraguay,2019,3.5,231,36331,987,17043,60,60,985,1216
721,Peru,2010,1.34,59,346156,13463,197994,27.7,27.7,2240,2299
722,Peru,2011,1.34,67,361015,14474,206796,29.9,29.9,2531,2598
723,Peru,2012,1.36,74,375255,15509,215591,31.9,31.9,2772,2846
724,Peru,2013,1.39,82,403638,16671,232096,32.46,32.46,3082,3164
725,Peru,2014,1.39,83,425550,18058,245292,31.3,31.3,3132,3215
726,Peru,2015,1.36,89,451471,19522,259990,29.56,29.56,3366,3456
727,Peru,2016,1.38,97,472320,20635,271754,28.65,28.65,3647,3744
728,Peru,2017,1.36,108,498863,21600,287223,26.58,26.58,3924,4032
729,Peru,2018,1.33,115,516245,22115,296748,27.12,27.12,4304,4419
730,Peru,2019,1.33,114,541555,23908,311007,28.3,28.3,4258,4372
731,Philippines,2010,2.3,194,23614,144,11807,67.62,67.62,3267,3461
732,Philippines,2011,2.48,403,53410,387,26705,69.26,69.26,3481,3884
733,Philippines,2012,2.48,481,37426,305,18713,67.25,67.25,3757,4238
734,Philippines,2013,2.49,506,80090,422,40045,67.2,67.2,4131,4637
735,Philippines,2014,2.46,498,112046,1149,56023,67.21,67.21,4275,4773
736,Philippines,2015,2.39,486,120464,1121,60232,66.95,66.95,4805,5291
737,Philippines,2016,2.45,487,174078,1690,87039,66.08,66.08,5408,5895
738,Philippines,2017,3.51,469,58438,696,29219,64.72,64.72,6038,6507
739,Philippines,2018,2.26,427,205504,2018,102752,65.41,65.41,6514,6940
740,Philippines,2019,2.09,352,244032,2764,122016,64.39,64.39,7748,8099
741,Poland,2010,1.89,3370,240967,3223,119175,31.99,39.1,9100,12470
742,Poland,2011,1.82,3760,256869,3369,123733,33.6,41.1,9590,13350
743,Poland,2012,1.91,4160,271069,3522,129095,33.6,41.1,10680,14840
744,Poland,2013,1.92,3950,274297,3485,134417,33.8,41.6,11850,15800
745,Poland,2014,1.91,3276,292521,3646,142364,34.8,42.7,12724,16000
746,Poland,2015,1.93,4064,301555,3723,146114,36.7,45.3,12664,16728
747,Poland,2016,1.96,4176,325776,3965,157715,38.1,47.6,13295,17471
748,Poland,2017,1.95,4528,335917,4064,162512,39.3,48.9,13730,18258
749,Poland,2018,1.97,4922,353785,4179,170640,49.8,2.62,14700,19622
750,Poland,2019,2.61,5036,368944,4229,176925,40.6,2.62,16122,21158
751,Portugal,2010,3.76,,279506,2011,124542,41.65,50.86,,
752,Portugal,2011,3.83,,289107,2019,128336,40,51.84,,
753,Portugal,2012,3.86,,296321,2028,131357,39.5,39.5,,
754,Portugal,2013,3.18,,297962,2008,132331,42.6,42.6,,
755,Portugal,2014,2.91,,308385,2041,136761,45.2,45.2,,
756,Portugal,2015,3.66,,312028,2028,137359,46.27,46.27,,
757,Portugal,2016,2.86,,325863,2036,143164,48.64,48.64,,
758,Portugal,2017,3.2,,402832,5840,175056,53.61,66.59,,
759,Portugal,2018,3.27,,423138,6866,184428,52.74,65.08,,
760,Portugal,2019,2.99,,443157,6833,193164,53.04,65.38,,
761,Puerto Rico,2010,2.65,,,156,13934,66.2,66.2,,
762,Puerto Rico,2011,2.65,,,151,14283,66.18,66.18,,
763,Puerto Rico,2012,2.62,,,151,14191,67.94,67.94,,
764,Puerto Rico,2013,2.63,,,151,14164,69.85,69.85,,
765,Puerto Rico,2014,2.64,,,150,14781,69.82,69.82,,
766,Puerto Rico,2015,2.63,,,149,14844,71,71,,
767,Puerto Rico,2016,2.57,,,154,15056,70.4,70.4,,
768,Puerto Rico,2017,2.48,,,151,15144,68.29,68.29,,
769,Puerto Rico,2018,3.37,,,147,15135,76.53,76.53,,
770,Puerto Rico,2019,2.6,,,155,14619,68.19,68.19,,
771,Qatar,2010,3.051,,,66,9574,46.5,46.5,,
772,Qatar,2011,3.134,,,74,9976,53,53,,
773,Qatar,2012,3.217,,,81,13407,60,60,,
774,Qatar,2013,3.3,,,83,13577,65,65,,
775,Qatar,2014,3.383,,,85,13937,73,73,,
776,Qatar,2015,3.51,,,119,20713,71,71,,
777,Qatar,2016,3.39,,,117,22921,62,62,,
778,Qatar,2017,3.75,,,122,25167,58,58,,
779,Qatar,2018,3.78,,,124,28917,61,61,,
780,Qatar,2019,3.73,,,130,27261,66,66,,
781,Romania,2010,2.62,,258238,4724,123509,25.2,25.2,,
782,Romania,2011,2.54,,248592,4612,119349,26.3,26.3,,
783,Romania,2012,2.5,,270172,5376,128713,25.9,25.9,,
784,Romania,2013,2.43,,276095,5560,131756,25.1,25.1,,
785,Romania,2014,,,280810,5677,133530,30.7,30.7,,
786,Romania,2015,2.12,,298571,6308,140434,33.79,33.79,,
787,Romania,2016,2.3,,302100,6432,141339,36.03,36.03,,
788,Romania,2017,2.2,,319672,7237,149235,36.5,36.5,,
789,Romania,2018,2.2,,328297,7656,153081,36.97,36.97,,
790,Romania,2019,2.2,,329931,7608,154043,37.44,37.44,,
791,Russia,2010,,4432,529554,7866,260208,31,31,17849,22281
792,Russia,2011,,5475,571226,8416,277916,32,32,19457,24932
793,Russia,2012,,6201,617849,9316,300629,33,33,21976,28177
794,Russia,2013,,5817,675515,9869,319143,31,31,24975,30792
795,Russia,2014,,6263,814913,10714,371796,28,28,26158,32421
796,Russia,2015,,7517,923000,13958,433000,30,30,26212,33729
797,Russia,2016,,8232.333333,1046000,15368,482000,35,35,27018.66667,35251
798,Russia,2017,,9082.333333,1137000,18753,508000,38,40,27637.16667,36719.5
799,Russia,2018,,9932.333333,1299000,21300,584000,41.5,45,28255.66667,38188
800,Russia,2019,,10782.33333,1461000,21312,660000,45,50,28874.16667,39656.5
801,Saudi Arabia,2010,5.3,2660,594188,5828,211108,52.5,59.2,8190,10850
802,Saudi Arabia,2011,4,1912,630057,3019,244184,62.1,63,12266,14178
803,Saudi Arabia,2012,4,2824,698801,3111,275583,63.6,64,13508,16332
804,Saudi Arabia,2013,4,1476,710696,3551,276441,61.2,65.2,14296,15772
805,Saudi Arabia,2014,4.19,2684,745249,3697,303716,65,66,15576,18260
806,Saudi Arabia,2015,3.67,1881,862349,4394,349098,66.2,67,16114,17994
807,Saudi Arabia,2016,3.15,4007,916776,5994,458388,67.2,68,14038,18044
808,Saudi Arabia,2017,4.19,2695,1010680,7099,530367,60.8,64.3,13414,16109
809,Saudi Arabia,2018,4.24,2451,1107714,7292,553857,62.7,66.6,12884,15334
810,Saudi Arabia,2019,4.3,3165,1133776,7564,566888,67.22,71.4,14361,17526
811,Serbia,2010,2.45,,56906,721,26350,17.22,17.22,,
812,Serbia,2011,2.45,,55389,731,26052,18.71,18.71,,
813,Serbia,2012,2.53,,53217,716,25130,26.8,26.8,,
814,Serbia,2013,2.45,,55729,657,24759,27.8,29.1,,
815,Serbia,2014,2.78,,54075,676,25634,26.3,27.4,,
816,Serbia,2015,2.28,,52112,664,24402,28.6,29.5,,
817,Serbia,2016,2.32,,52262,737,26095,31.2,32.8,,
818,Serbia,2017,2.31,,51893,720,26157,35.1,36.6,,
819,Serbia,2018,2.3,,53252,779,27318,34.5,36.5,,
820,Serbia,2019,2.31,,54015,809,27202,32.8,37.9,,
821,Singapore,2010,3.86,3175,,282,47312,84.23,84.23,8467,11642
822,Singapore,2011,3.73,3226,,304,49719,85.4,85.4,9946,13171
823,Singapore,2012,3.54,3402,,338,51664,85.69,85.69,11094,14496
824,Singapore,2013,3.48,3617,,373,55006,84.94,84.94,11951,15568
825,Singapore,2014,3.71,3202,,391,57172,84.24,84.24,11893,15095
826,Singapore,2015,3.61,2923,,398,60908,83.94,83.94,12308,15232
827,Singapore,2016,3.43,2461,,413,63850,83.12,83.12,13943,16403
828,Singapore,2017,3.38,2464,,420,67084,84.86,84.86,14961,17425
829,Singapore,2018,3.33,2617,,410,66994,86.09,86.09,15891,18508
830,Singapore,2019,3.36,2461,,424,69367,86.93,86.93,16656,19116
831,Slovenia,2010,2.86,274,48339,647,21697,40.3,40.3,1775,2049
832,Slovenia,2011,2.83,300,49293,648,22082,42.4,42.4,1937,2236
833,Slovenia,2012,2.79,207,49291,642,22015,42.6,47.7,2169,2377
834,Slovenia,2013,2.74,218,49351,639,22102,42.3,46.9,2283,2502
835,Slovenia,2014,2.61,234,49507,647,22072,42.8,47.3,2442,2675
836,Slovenia,2015,2.53,415,50262,681,22344,44.7,49.5,2607,3022
837,Slovenia,2016,2.5,467,50994,692,22451,47,52.2,2930,3397
838,Slovenia,2017,2.44,548,52214,698,22908,50.1,55.6,3442,3991
839,Slovenia,2018,2.65,608,60438,1231,26174,48.5,56.5,3817,4425
840,Slovenia,2019,2.53,560,62723,1508,26793,43.99,51.15,4142,4702
841,South Africa,2010,8.5,331,,2808,70200,43.4,43.4,7743,8074
842,South Africa,2011,8.3,267,,2670,69900,43.5,43.5,8072,8339
843,South Africa,2012,7.7,293,,2657,70300,45.6,45.6,8895,9188
844,South Africa,2013,8.7,272,,2651,70600,47.4,47.4,9265,9537
845,South Africa,2014,8.3,407,,2689,71000,48.1,48.1,9142,9549
846,South Africa,2015,8.3,400,,2725,71300,47.6,47.6,8503,8904
847,South Africa,2016,8.3,338,,2855,71800,49.1,49.1,9707,10044
848,South Africa,2017,8.3,334,,3005,72000,48.3,48.3,9951,10285
849,South Africa,2018,8.3,316,,3003,72300,47.5,47.5,10156,10472
850,South Africa,2019,8.3,275,,3023,72200,46.9,46.9,9953,10229
851,South Korea,2010,,311,,688,74840,63.94,63.94,8487,8798
852,South Korea,2011,,271,,920,70763,65.15,65.15,9524,9795
853,South Korea,2012,,245,,966,121180,64.65,64.65,10895,11140
854,South Korea,2013,,328,,1088,130619,62.85,62.85,11848,12176
855,South Korea,2014,,315,,1293,146511,63.52,63.52,13886,14202
856,South Korea,2015,,244,,1488,160422,59.75,59.75,12988,13232
857,South Korea,2016,,239,,1738,173813,64.15,64.15,17003,17242
858,South Korea,2017,,232,,1844,189557,60.71,60.71,13104,13336
859,South Korea,2018,,237,,2111,200509,62.44,62.44,15110,15347
860,South Korea,2019,,253,,2233,206079,64.17,64.17,17250,17503
861,Spain,2010,3.26,4375,1781935,18598,883225,51,52.67,48302,52677
862,Spain,2011,3.36,4115,1833726,19210,903441,53.55,57.87,52062,56177
863,Spain,2012,3.38,3974,1838958,19149,902624,52.05,55.96,53490,57464
864,Spain,2013,3.41,4071,1874896,19318,906289,53.02,57.21,56604,60675
865,Spain,2014,3.36,4313,1862329,19207,904946,54.71,59.11,60625,64938
866,Spain,2015,3.31,4979,1879369,19352,910091,56.92,61.96,63196,68175
867,Spain,2016,3.32,5704,1889335,19278,912504,59.84,65.71,69611,75315
868,Spain,2017,3.28,5707,1911942,19459,919401,61.03,67.07,76162,81868
869,Spain,2018,3.23,5637,1927389,19255,922464,60.23,66.77,77172,82808
870,Spain,2019,3.15,6113,1951230,19381,929510,60.14,67.22,77397,83509
871,Sweden,2010,1.67,2224,224444,1985,110413,36.7,50,,
872,Sweden,2011,1.67,2840,225343,1998,112628,37.9,50.8,16565,19405
873,Sweden,2012,1.68,3456,228387,2003,113944,37.8,50.1,16555,20011
874,Sweden,2013,1.68,3362,235752,2045,117228,38.3,50.3,15441,18803
875,Sweden,2014,1.69,3191,238852,2033,118614,39.8,51.7,16754,19945
876,Sweden,2015,1.7,3071.333333,236555,1992,117707,43.2,55.3,16449,19520.33333
877,Sweden,2016,1.69,2938.833333,240883,2011,119855,45.7,58,16548.5,19487.33333
878,Sweden,2017,1.69,2806.333333,245963,2025,122948,46,58.3,16648,19454.33333
879,Sweden,2018,1.69,2673.833333,251894,2057,125623,45.8,58.4,16747.5,19421.33333
880,Sweden,2019,1.69,2541.333333,260436,2143,129033,45.3,58.3,16847,19388.33333
881,Switzerland,2010,2.23,,275193,5477,142815,42.91,52.31,,
882,Switzerland,2011,2.19,,273969,5396,142102,41.94,51.64,,
883,Switzerland,2012,2.13,,271168,5257,140371,40.81,50.5,,
884,Switzerland,2013,2.12,,271298,5191,140192,41.9,51.63,,
885,Switzerland,2014,2.09,,272636,5129,140722,42.16,52,,
886,Switzerland,2015,2.04,,273507,5055,141018,41.65,51.53,,
887,Switzerland,2016,2.03,,271710,4949,140331,41.6,51.33,,
888,Switzerland,2017,2.01,,275203,4878,141404,43.04,52.94,,
889,Switzerland,2018,2.01,,274792,4765,140884,44.56,54.52,,
890,Switzerland,2019,2,,273849,4646,140331,44.85,55.16,,
891,Syrian Arab Republic,2010,3,442,54421,746,28943,,69.6,9015,9457
892,Syrian Arab Republic,2011,3,442,56527,773,30017,,,,
893,Syrian Arab Republic,2012,3,442,58633,,,,,,
894,Syrian Arab Republic,2013,3,442,57012,,,,,,
895,Syrian Arab Republic,2014,3,442,55390,,,,,,
896,Syrian Arab Republic,2015,3,442,53700,,,,,,
897,Syrian Arab Republic,2016,3,442,52150,,,34,33,,
898,Syrian Arab Republic,2017,3,442,53301,550,28347,38,37,,
899,Syrian Arab Republic,2018,3,442,54452,567,28948,41,39,,
900,Syrian Arab Republic,2019,3,442,56949,594,30200,31,27,,
901,Taiwan,2010,,1088,,2782,133805,68.24,68.24,4479,5567
902,Taiwan,2011,,1129,,2798,136105,68.11,68.11,4958,6087
903,Taiwan,2012,,1035,,2854,139846,69.99,69.99,6276,7311
904,Taiwan,2013,,1081,,2921,146987,69.28,69.28,6935,8016
905,Taiwan,2014,,903,,3014,155591,72.15,72.15,9007,9910
906,Taiwan,2015,,893,,3068,166650,69.28,69.28,9547,10440
907,Taiwan,2016,,881,,3268,175917,66.45,66.45,9810,10690
908,Taiwan,2017,,900,,3402,187099,64.83,64.83,9839,10740
909,Taiwan,2018,,906,,3482,193211,63.9,63.9,10161,11067
910,Taiwan,2019,,921,,3468,195994,66.69,66.69,10943,11864
911,Thailand,2010,1.15,2266,,7440,454686,39.52,39.52,13670,15936
912,Thailand,2011,1.35,1965,,8975.5,530623,43.84,43.84,17265,19230
913,Thailand,2012,1.55,2175,,10511,528128,48.69,48.69,20179,22354
914,Thailand,2013,1.84,2341,,12398,540088,56.3,56.3,24206,26547
915,Thailand,2014,1.77,2507,,12879,550269,58.96,58.96,27491,30740
916,Thailand,2015,2.24,2673,,15469,650643,65.12,65.12,30961.5,34933
917,Thailand,2016,2.25,2839,,16559,682824,66.99,66.99,34432,39126
918,Thailand,2017,2.28,1633,,19533,743107,70.58,70.58,33959,35592
919,Thailand,2018,2.27,2057,,19660,746400,71.16,71.16,36122,38178
920,Thailand,2019,2.26,2044,,20293,784118,70.08,70.08,37873,39916
921,Tunisia,2010,6.2,,241528,856,120764,50.7,50.7,,
922,Tunisia,2011,6.6,,242146,861,121073,34.3,34.3,,
923,Tunisia,2012,6.3,,241997,846,120999,45.9,45.9,,
924,Tunisia,2013,6.5,,240249,847,120125,46.1,46.1,,
925,Tunisia,2014,6.3,,240077,848,120039,44.9,44.9,,
926,Tunisia,2015,5.2,,241392,864,120495,26.1,26.1,,
927,Tunisia,2016,5.6,,235018,824,117509,30.3,30.3,,
928,Tunisia,2017,5.6,,234338,848,117169,34.3,34.3,,
929,Tunisia,2018,5.9,,237618,868,118809,40.9,40.9,,
930,Tunisia,2019,5.4,,236015,876,118008,44.6,44.6,,
931,Turkey,2010,3.3,1901,619863,2614,295322,49.17,49.17,31127,33028
932,Turkey,2011,3.2,2375,655827,2740,313391,51.46,51.46,33776,36151
933,Turkey,2012,3.35,2381,688053,2814,328133,54.34,54.34,34083,36464
934,Turkey,2013,3.2,2523,729747,2917,348348,53.4,53.4,36703,39226
935,Turkey,2014,3.18,2492,784469,3061,374016,52.62,52.62,38923,41415
936,Turkey,2015,3.09,2356,826255,3237,393521,51.95,51.95,39261,41618
937,Turkey,2016,2.6,1912,1202616,8664,568175,38.22,38.22,29454,31365
938,Turkey,2017,2.52,1886,1391568,11151,655355,46.17,46.17,36735,38620
939,Turkey,2018,2.65,2016,1432407,11362,673550,50.87,50.87,43613,45629
940,Turkey,2019,2.61,1986,1482179,11898,687870,53.48,53.48,49874,51860
941,Ukraine,2010,3.03,762,185776,1731,79489,25,25,20441,21203
942,Ukraine,2011,2.54,704,153249,3162,76567,25.7,25.7,20711,21415
943,Ukraine,2012,2.59,374,162061,3144,81157,26.4,26.4,22639,23013
944,Ukraine,2013,2.46,168,178506,3582,89441,27.1,27.1,24503,24671
945,Ukraine,2014,2.42,51,135049,2644,69052,31.1,31.1,12661,12712
946,Ukraine,2015,2.13,41,132203,2478,68114,35.3,35.3,12387,12428
947,Ukraine,2016,2.02,36,135207,2534,69801,38.3,38.3,13298,13333
948,Ukraine,2017,2.01,94,132890,2474,68045,38.6,38.6,14136,14230
949,Ukraine,2018,2.52,54,135327,2777,71132,33.51,33.51,14050,14104
950,Ukraine,2019,2.65,48,171721,3165,83147,35.21,35.21,13390,13438
951,United Arab Emirates,2010,3.268333333,1901,224904,843,74094,68,,,
952,United Arab Emirates,2011,3.263333333,1901,239376,881,81468,68,,,
953,United Arab Emirates,2012,3.258333333,1901,253848,900,120844,68,,,
954,United Arab Emirates,2013,3.253333333,1901,268320,957,125729,62,,,
955,United Arab Emirates,2014,3.24,1901,282792,1027,141396,62,62,14332,16232
956,United Arab Emirates,2015,3.26,4074,297264,1056,148632,75,75,15239,19313
957,United Arab Emirates,2016,3.23,5056,311408,1060,155704,75,75,15838,20894
958,United Arab Emirates,2017,3.17,5179,324450,1058,162225,76.16,76.16,16626,21805
959,United Arab Emirates,2018,3.16,5436,346172,1106,173086,73.46,73.46,17656,23092
960,United Arab Emirates,2019,3.13,6080,366386,1136,183193,69.46,74.09,19201,25282
961,United Kingdom,2010,2.16,7552,1416179,40184,679038,45,61,22846,30398
962,United Kingdom,2011,,8112,1410580,38939,647777,48,64,23774,31886
963,United Kingdom,2012,,8292,1571120,38996,718405,48,64,23929,32221
964,United Kingdom,2013,,8696,1731660,33409,789033,50,66,24871,33567
965,United Kingdom,2014,,9206,1773029,33454,791980,50,68,26131,35337
966,United Kingdom,2015,,9602,1781294,33499,790707,51,69,27190,36792
967,United Kingdom,2016,,10019,1768795,33374,786775,51.6,70.2,29110,39129
968,United Kingdom,2017,,9567,1756296,33249,782843,52,73,31513,41080
969,United Kingdom,2018,,9361,1743797,33124,778911,55,77,30923,40283
970,United Kingdom,2019,,9269,1731298,32999,774979,58,81,31588,40857
971,Virgin Islands (U.S.),2010,4.4,,,47,5008,57.1,57.1,,
972,Virgin Islands (U.S.),2011,4.4,,,47,4889,51.6,51.6,,
973,Virgin Islands (U.S.),2012,4.4,,,46,5030,50.9,50.9,,
974,Virgin Islands (U.S.),2013,4.4,,,44,5016,53.8,53.8,,
975,Virgin Islands (U.S.),2014,4.4,,,44,4975,53.7,53.7,,
976,Virgin Islands (U.S.),2015,4.4,,,41,5060,57.1,57.1,,
977,Virgin Islands (U.S.),2016,4.4,,,42,4842,56.7,56.7,,
978,Virgin Islands (U.S.),2017,4.4,,,43,4898,47.3,47.3,,
979,Virgin Islands (U.S.),2018,4.4,,,27,2102,51.4,51.4,,
980,Virgin Islands (U.S.),2019,4.4,,,30,2526,39.7,39.7,,
981,Uruguay,2010,4.9,207,44847,1062,18297,,,2201,2408
982,Uruguay,2011,4.9,206,44189,1083,18773,,,2754,2960
983,Uruguay,2012,4.8,188,30481,1104,13980,,,2658,2846
984,Uruguay,2013,4.7,216,33200,470,14923,,,2599,2815
985,Uruguay,2014,4.7,204,34618,474,14946,,,2607,2811
986,Uruguay,2015,5,221,36354,472,15775,,,2744,2965
987,Uruguay,2016,4.6,237,38868,597,15719,,,3092,3329
988,Uruguay,2017,4.8,244,36311,412,16211,,,3697,3941
989,Uruguay,2018,4.6,238,26233,319,11215,,,3474,3712
990,Uruguay,2019,4.47,221,35358,539,13516,,,3000,3221
991,United States of America,2010,,5773,,49435,4801890,57.5,57.5,20589,26363
992,United States of America,2011,,5993,,49791,4874837,59.9,59.9,22546,28540
993,United States of America,2012,,6134,,50226,4900642,61.3,61.3,23936,30071
994,United States of America,2013,,6468,,52643,4926543,62.2,62.2,27221,33689
995,United States of America,2014,,6459,,53175,4978705,64.4,64.4,28836,35296
996,United States of America,2015,,7276,,53761,5033471,65.4,65.4,31424,38700
997,United States of America,2016,,6863,,54515,5114007,65.4,65.4,31266,38129
998,United States of America,2017,,6964,,55458,5206059,65.9,65.9,31942,38906
999,United States of America,2018,,6979,,56697,5310180,66.1,66.1,32904,39883
1000,United States of America,2019,,6988,,57592,5416384,66.1,66.1,33405,40393
1001,Uzbekistan,2010,6.1,75,57396,307.6666667,21664,48.8,48.8,900,975
1002,Uzbekistan,2011,5.6,77,47969,370.1666667,12877,45.2,,1317,1393
1003,Uzbekistan,2012,5.2,88,38341,432.6666667,14155,41.6,,1808,1895
1004,Uzbekistan,2013,4.8,140,28828,490,15223,38,,1829,1969
1005,Uzbekistan,2014,4.4,145,32969,568,17131,34.4,,1717,1862
1006,Uzbekistan,2015,4,139,34898,615,17779,30.8,,1778,1918
1007,Uzbekistan,2016,3.6,173,37795,701,19167,27.2,,1854,2027
1008,Uzbekistan,2017,3.2,185,39933,767,19977,23.6,,2505,2690
1009,Uzbekistan,2018,2.8,122,42291,914,20947,20,20,5224,5346
1010,Uzbekistan,2019,2.21,128,42891,1188,21758,15.42,15.42,6620,6749
1011,Vietnam,2010,7.02,1024,,12352,237111,58.3,58.3,4026,5050
1012,Vietnam,2011,7.02,1003,,13756,256739,59.7,59.7,5011,6014
1013,Vietnam,2012,7.02,1166,,15381,277661,58.8,58.8,5682,6848
1014,Vietnam,2013,7.02,1267,,15120,324800,56,56,6305,7572
1015,Vietnam,2014,7.02,1322,,16000,332000,69,69,6552,7874
1016,Vietnam,2015,7.02,1377,,19000,370000,55,55,6799,8176
1017,Vietnam,2016,7.02,1432,,21000,420000,57,57,7046,8478
1018,Vietnam,2017,7.02,1487,,25600,508000,56.5,56.5,7293,8780
1019,Vietnam,2018,7.02,1542,,28000,550000,54,54,7540,9082
1020,Vietnam,2019,7.02,1597,,30000,650000,52,52,7787,9384
1021,Zimbabwe,2010,3,343,11981,121,6248,36,52,1896,2239
1022,Zimbabwe,2011,3,417,11935,116,6360,37,52,2006,2423
1023,Zimbabwe,2012,3,369,12081,116,6427,37,52,1425,1794
1024,Zimbabwe,2013,3,237,13195,99,6722,37,48,1595,1833
1025,Zimbabwe,2014,3,184,13195,99,6722,36,48,1696,1880
1026,Zimbabwe,2015,3,160,12772,96,6483,31,47,1897,2057
1027,Zimbabwe,2016,3,142,12772,96,6483,33,46,2026,2168
1028,Zimbabwe,2017,3,166,12772,96,6483,35,48,2257,2423
1029,Zimbabwe,2018,3,302,12772,96,6483,39,53,2278,2580
1030,Zimbabwe,2019,3,221,13158,97,6676,32,44,2074,2294